Place Name,Image URL
GATEWAY OF INDIA,https://thumb.wikimedia.org/wikipedia/commons/thumb/f/f9/Gateway_of_India_%2C_Mumbai%2C_India.jpg/960px-Gateway_of_India_%2C_Mumbai%2C_India.jpg?utm_source=commons.wikimedia.org&utm_campaign=imageinfo&utm_content=thumbnail
MARINE DRIVE,https://thumb.wikimedia.org/wikipedia/commons/thumb/9/98/Marine_Drive_of_Mumbai.jpg/960px-Marine_Drive_of_Mumbai.jpg?utm_source=commons.wikimedia.org&utm_campaign=imageinfo&utm_content=thumbnail
SIDDHIVINAYAK TEMPLE,https://thumb.wikimedia.org/wikipedia/commons/thumb/a/a2/Ganesha_art%2C_Siddhivinayak_Temple%2C_Mumbai_2.jpg/960px-Ganesha_art%2C_Siddhivinayak_Temple%2C_Mumbai_2.jpg?utm_source=commons.wikimedia.org&utm_campaign=imageinfo&utm_content=thumbnail
Amphitheatre,https://thumb.wikimedia.org/wikipedia/commons/thumb/f/f5/Amphitheatre_Vindonissa_at_Night.jpg/960px-Amphitheatre_Vindonissa_at_Night.jpg?utm_source=commons.wikimedia.org&utm_campaign=imageinfo&utm_content=thumbnail
Castella de Aguada,https://thumb.wikimedia.org/wikipedia/commons/thumb/a/ac/Bandra_Fort%2C_Mumbai_WLM10.JPG/960px-Bandra_Fort%2C_Mumbai_WLM10.JPG?utm_source=commons.wikimedia.org&utm_campaign=imageinfo&utm_content=thumbnail
Kala Qila,https://thumb.wikimedia.org/wikipedia/commons/thumb/1/14/Dost_Mohammad_Khan%E2%80%99s_Surrender_1840.jpg/960px-Dost_Mohammad_Khan%E2%80%99s_Surrender_1840.jpg?utm_source=commons.wikimedia.org&utm_campaign=imageinfo&utm_content=thumbnail
माहीम किल्ला,https://thumb.wikimedia.org/wikipedia/commons/thumb/b/b8/Mahim_Fort_14.jpg/960px-Mahim_Fort_14.jpg?utm_source=commons.wikimedia.org&utm_campaign=imageinfo&utm_content=thumbnail
Madh Fort,https://upload.wikimedia.org/wikipedia/commons/a/a0/Madh-fort2.jpg?utm_source=commons.wikimedia.org&utm_campaign=imageinfo&utm_content=thumbnail_unscaled
भाऊ दाजी लाड संग्रहालय,https://thumb.wikimedia.org/wikipedia/commons/thumb/0/06/Dr._Bhau_Daji_Lad_Mumbai_City_Museum_interior.jpg/960px-Dr._Bhau_Daji_Lad_Mumbai_City_Museum_interior.jpg?utm_source=commons.wikimedia.org&utm_campaign=imageinfo&utm_content=thumbnail
Landmark Heights Apartment Park,https://thumb.wikimedia.org/wikipedia/commons/thumb/a/ad/Wuthering_Heights_and_Agnes_Grey_%281st_edition%29%2C_Volume_1_%28Wuthering_Heights%2C_Volume_1%29.djvu/page1-960px-Wuthering_Heights_and_Agnes_Grey_%281st_edition%29%2C_Volume_1_%28Wuthering_Heights%2C_Volume_1%29.djvu.jpg?utm_source=commons.wikimedia.org&utm_campaign=imageinfo&utm_content=thumbnail
Loop Gallery,https://thumb.wikimedia.org/wikipedia/commons/thumb/c/cf/Caf%C3%A9_Loop_de_Loop_-_geograph.org.uk_-_4797765.jpg/960px-Caf%C3%A9_Loop_de_Loop_-_geograph.org.uk_-_4797765.jpg?utm_source=commons.wikimedia.org&utm_campaign=imageinfo&utm_content=thumbnail
Mount Blanc View Gallery,https://thumb.wikimedia.org/wikipedia/commons/thumb/f/f5/Gallery_of_Polish_Painting_and_European_Decorative_Arts%2C_National_Museum_in_Kielce%2C_czerwiec_2025%2C_SOULinPIX_092.jpg/960px-Gallery_of_Polish_Painting_and_European_Decorative_Arts%2C_National_Museum_in_Kielce%2C_czerwiec_2025%2C_SOULinPIX_092.jpg?utm_source=commons.wikimedia.org&utm_campaign=imageinfo&utm_content=thumbnail
Sameer Hill,https://thumb.wikimedia.org/wikipedia/commons/thumb/3/3c/Views_from_Sameer_Hill_in_IIT_Bombay_in_Mumbai..jpg/960px-Views_from_Sameer_Hill_in_IIT_Bombay_in_Mumbai..jpg?utm_source=commons.wikimedia.org&utm_campaign=imageinfo&utm_content=thumbnail
RBI Monetary Museum,https://thumb.wikimedia.org/wikipedia/commons/thumb/c/ca/MonetaryMuseumRBIPlaque.JPG/960px-MonetaryMuseumRBIPlaque.JPG?utm_source=commons.wikimedia.org&utm_campaign=imageinfo&utm_content=thumbnail
Shangri-La,https://thumb.wikimedia.org/wikipedia/commons/thumb/a/a5/Shangri_La_resort_in_Muscat.jpg/960px-Shangri_La_resort_in_Muscat.jpg?utm_source=commons.wikimedia.org&utm_campaign=imageinfo&utm_content=thumbnail
GSLV Rocket Model,https://upload.wikimedia.org/wikipedia/commons/3/37/CE-20_Engine_Config_Model.png?utm_source=commons.wikimedia.org&utm_campaign=imageinfo&utm_content=thumbnail_unscaled
Tulsi Lake View,https://thumb.wikimedia.org/wikipedia/commons/thumb/6/6e/Tulsi_Lake_-_panoramio.jpg/960px-Tulsi_Lake_-_panoramio.jpg?utm_source=commons.wikimedia.org&utm_campaign=imageinfo&utm_content=thumbnail
Flamingo Point,https://thumb.wikimedia.org/wikipedia/commons/thumb/6/6b/005c_Greater_flamingos_courtship_display_in_the_Camargue_during_mating_season_Photo_by_Giles_Laurent.jpg/960px-005c_Greater_flamingos_courtship_display_in_the_Camargue_during_mating_season_Photo_by_Giles_Laurent.jpg?utm_source=commons.wikimedia.org&utm_campaign=imageinfo&utm_content=thumbnail
Gilbert Hill,https://thumb.wikimedia.org/wikipedia/commons/thumb/c/ca/Gilbert_Hill%2C_Andheri.jpg/960px-Gilbert_Hill%2C_Andheri.jpg?utm_source=commons.wikimedia.org&utm_campaign=imageinfo&utm_content=thumbnail
Mangaldas Market,https://thumb.wikimedia.org/wikipedia/commons/thumb/e/e4/The_Collected_Works_of_Mahatma_Gandhi%2C_vol._35.djvu/page1-960px-The_Collected_Works_of_Mahatma_Gandhi%2C_vol._35.djvu.jpg?utm_source=commons.wikimedia.org&utm_campaign=imageinfo&utm_content=thumbnail
Chhatrapati Shivaji Maharaj Terminus,https://thumb.wikimedia.org/wikipedia/commons/thumb/a/a4/Chhatrapati_Shivaji_Maharaj_Terminus_CSMT_Mumbai_IMG_20230818_191824_%2812%29_01.jpg/960px-Chhatrapati_Shivaji_Maharaj_Terminus_CSMT_Mumbai_IMG_20230818_191824_%2812%29_01.jpg?utm_source=commons.wikimedia.org&utm_campaign=imageinfo&utm_content=thumbnail
