Name,City,Category,Latitude,Longitude,Source Ref,Image URL
GATEWAY OF INDIA,Mumbai,Tourist Attraction,18.92196,72.83456,,https://thumb.wikimedia.org/wikipedia/commons/thumb/f/f9/Gateway_of_India_%2C_Mumbai%2C_India.jpg/960px-Gateway_of_India_%2C_Mumbai%2C_India.jpg?utm_source=commons.wikimedia.org&utm_campaign=imageinfo&utm_content=thumbnail
MARINE DRIVE,Mumbai,Tourist Attraction,18.94149,72.82385,,https://thumb.wikimedia.org/wikipedia/commons/thumb/9/98/Marine_Drive_of_Mumbai.jpg/960px-Marine_Drive_of_Mumbai.jpg?utm_source=commons.wikimedia.org&utm_campaign=imageinfo&utm_content=thumbnail
SIDDHIVINAYAK TEMPLE,Mumbai,Religion Place,19.01688,72.8304,,https://thumb.wikimedia.org/wikipedia/commons/thumb/a/a2/Ganesha_art%2C_Siddhivinayak_Temple%2C_Mumbai_2.jpg/960px-Ganesha_art%2C_Siddhivinayak_Temple%2C_Mumbai_2.jpg?utm_source=commons.wikimedia.org&utm_campaign=imageinfo&utm_content=thumbnail
CHHATRAPATI SHIVAJI MAHAARAJ TERMINUS,Mumbai,Historical Place,,,,
Amphitheatre,Mumbai,Tourist Attraction,19.0425669,72.8188717,node/346611983,https://thumb.wikimedia.org/wikipedia/commons/thumb/f/f5/Amphitheatre_Vindonissa_at_Night.jpg/960px-Amphitheatre_Vindonissa_at_Night.jpg?utm_source=commons.wikimedia.org&utm_campaign=imageinfo&utm_content=thumbnail
Castella de Aguada,Mumbai,Tourist Attraction,19.0419788,72.8184995,node/494772647,https://thumb.wikimedia.org/wikipedia/commons/thumb/a/ac/Bandra_Fort%2C_Mumbai_WLM10.JPG/960px-Bandra_Fort%2C_Mumbai_WLM10.JPG?utm_source=commons.wikimedia.org&utm_campaign=imageinfo&utm_content=thumbnail
Kala Qila,Mumbai,Tourist Attraction,19.0509899,72.8601653,node/537762970,https://thumb.wikimedia.org/wikipedia/commons/thumb/1/14/Dost_Mohammad_Khan%E2%80%99s_Surrender_1840.jpg/960px-Dost_Mohammad_Khan%E2%80%99s_Surrender_1840.jpg?utm_source=commons.wikimedia.org&utm_campaign=imageinfo&utm_content=thumbnail
माहीम किल्ला,Mumbai,Tourist Attraction,19.0420113,72.8381267,node/537766323,https://thumb.wikimedia.org/wikipedia/commons/thumb/b/b8/Mahim_Fort_14.jpg/960px-Mahim_Fort_14.jpg?utm_source=commons.wikimedia.org&utm_campaign=imageinfo&utm_content=thumbnail
Madh Fort,Mumbai,Tourist Attraction,19.1324703,72.7946179,node/649025707,https://upload.wikimedia.org/wikipedia/commons/a/a0/Madh-fort2.jpg?utm_source=commons.wikimedia.org&utm_campaign=imageinfo&utm_content=thumbnail_unscaled
भाऊ दाजी लाड संग्रहालय,Mumbai,Museum,18.9791636,72.8348012,node/674906629,https://thumb.wikimedia.org/wikipedia/commons/thumb/0/06/Dr._Bhau_Daji_Lad_Mumbai_City_Museum_interior.jpg/960px-Dr._Bhau_Daji_Lad_Mumbai_City_Museum_interior.jpg?utm_source=commons.wikimedia.org&utm_campaign=imageinfo&utm_content=thumbnail
Landmark Heights Apartment Park,Mumbai,Theme Park,19.2845098,72.8740885,node/1070203946,https://thumb.wikimedia.org/wikipedia/commons/thumb/a/ad/Wuthering_Heights_and_Agnes_Grey_%281st_edition%29%2C_Volume_1_%28Wuthering_Heights%2C_Volume_1%29.djvu/page1-960px-Wuthering_Heights_and_Agnes_Grey_%281st_edition%29%2C_Volume_1_%28Wuthering_Heights%2C_Volume_1%29.djvu.jpg?utm_source=commons.wikimedia.org&utm_campaign=imageinfo&utm_content=thumbnail
Loop Gallery,Mumbai,Viewpoint,19.1037194,72.8510068,node/1579184280,https://thumb.wikimedia.org/wikipedia/commons/thumb/c/cf/Caf%C3%A9_Loop_de_Loop_-_geograph.org.uk_-_4797765.jpg/960px-Caf%C3%A9_Loop_de_Loop_-_geograph.org.uk_-_4797765.jpg?utm_source=commons.wikimedia.org&utm_campaign=imageinfo&utm_content=thumbnail
Samyukta Maharashtra Daalan,Mumbai,Museum,19.0279945,72.8365824,node/1646526516,
नॅशनल गॅलरी ऑफ मॉडर्न आर्ट,Mumbai,Museum,18.9258376,72.8313854,node/1973436453,
Elephanta Caves,Mumbai,Tourist Attraction,18.963524,72.9313163,node/6292979383,
Cave 3,Mumbai,Tourist Attraction,18.9627231,72.9316981,node/2127352566,
Gender & Science Exhibit,Mumbai,Tourist Attraction,19.0421717,72.9280492,node/2568671333,
Cannon 1,Mumbai,Tourist Attraction,18.9620892,72.9285928,node/2841826659,
Cannon 2,Mumbai,Tourist Attraction,18.9602159,72.9288297,node/2841826660,
Bombay Skyline viewpoint,Mumbai,Viewpoint,18.9607979,72.9288871,node/2841826661,
St John The Baptist Shrine/Oratory,Mumbai,Tourist Attraction,19.0481951,72.8258974,node/2851477517,
Go Bonkers,Mumbai,Theme Park,18.9142991,72.8261446,node/4048579847,
Taraporewala Aquarium,Mumbai,Aquarium,18.9491882,72.8199216,node/4119416792,
Patidar Co Op Housing Society,Mumbai,Viewpoint,19.1756053,72.8414126,node/4129555689,
Kwan Tai Shek Temple,Mumbai,Tourist Attraction,18.9660503,72.8467717,node/4230836350,
art gallery,Mumbai,Gallery,18.9255095,72.8199423,node/4362564704,
Nariman Point,Mumbai,Tourist Attraction,18.9253433,72.8180282,node/4583583497,
Mannat Lands End (Shah Rukh Khan's Bungalow),Mumbai,Tourist Attraction,19.0468349,72.8201139,node/4815555824,
Galaxy (Salman Khan House),Mumbai,Tourist Attraction,19.0540346,72.8234836,node/4815556924,
"Artisans' Center for Art, Craft & Design",Mumbai,Gallery,18.92824,72.8325781,node/4978736822,
BEST Museum,Mumbai,Museum,19.0466884,72.8777111,node/5056120381,
Jewel of Navi Mumbai,Navi Mumbai,Tourist Attraction,19.0260183,73.0100097,node/5360967180,
Mount Blanc View Gallery,Mumbai,Viewpoint,18.9637178,72.8038864,node/5380297057,https://thumb.wikimedia.org/wikipedia/commons/thumb/f/f5/Gallery_of_Polish_Painting_and_European_Decorative_Arts%2C_National_Museum_in_Kielce%2C_czerwiec_2025%2C_SOULinPIX_092.jpg/960px-Gallery_of_Polish_Painting_and_European_Decorative_Arts%2C_National_Museum_in_Kielce%2C_czerwiec_2025%2C_SOULinPIX_092.jpg?utm_source=commons.wikimedia.org&utm_campaign=imageinfo&utm_content=thumbnail
Sameer Hill,Mumbai,Viewpoint,19.140891,72.9181131,node/5882322886,https://thumb.wikimedia.org/wikipedia/commons/thumb/3/3c/Views_from_Sameer_Hill_in_IIT_Bombay_in_Mumbai..jpg/960px-Views_from_Sameer_Hill_in_IIT_Bombay_in_Mumbai..jpg?utm_source=commons.wikimedia.org&utm_campaign=imageinfo&utm_content=thumbnail
Har Har Gange Waterfalls,Mumbai,Tourist Attraction,19.2546034,72.969503,node/5913743689,
Singhania DC3,Mumbai,Tourist Attraction,19.2099918,72.9657304,node/5923940632,
RBI Monetary Museum,Mumbai,Museum,18.934005,72.8361829,node/6052636216,https://thumb.wikimedia.org/wikipedia/commons/thumb/c/ca/MonetaryMuseumRBIPlaque.JPG/960px-MonetaryMuseumRBIPlaque.JPG?utm_source=commons.wikimedia.org&utm_campaign=imageinfo&utm_content=thumbnail
Powai Lake Viewpoint,Mumbai,Viewpoint,19.1298921,72.9103509,node/6784511247,
Bandra Fort Gate,Mumbai,Tourist Attraction,19.042924,72.8185972,node/6813467113,
कमला नेहरू पार्क,Mumbai,Tourist Attraction,18.9549022,72.8048874,node/7017923087,
संजय गांधी राष्ट्रीय उद्यान,Mumbai,Tourist Attraction,19.2093238,72.9163268,node/7019038585,
मातोश्री टॉवर,Mumbai,Tourist Attraction,19.0260441,72.8421832,node/7028122887,
I Love Seawoods,Mumbai,Tourist Attraction,19.0132827,73.0162684,node/7643000685,
Delhi Art Gallery,Mumbai,Gallery,18.9282503,72.8322605,node/8084252882,
Chemould Prescott Road,Mumbai,Gallery,18.9353781,72.8321868,node/9447540847,
The Walk,Mumbai,Tourist Attraction,19.2555018,72.9841195,node/10196823117,
Archdiocesan Heritage Museum,Mumbai,Museum,19.1681335,72.8572673,node/10552506472,
Cache The Arts And Crafts Gallery,Mumbai,Gallery,19.059634,72.8343142,node/10608367505,
Parsik Hills Quarry Viewpoint,Mumbai,Viewpoint,19.0418105,73.0351865,node/10706428289,
Belapur Waterfall,Mumbai,Viewpoint,19.0416956,73.0362166,node/10732503490,
Belapur Viewpoint,Mumbai,Viewpoint,19.0314533,73.0476869,node/10732605504,
Gandhi Tekdi,Mumbai,Viewpoint,19.2258467,72.8717566,node/10777556359,
The Art House,Mumbai,Gallery,19.0652259,72.8668857,node/10779234830,
Parsik Hill Viewpoint,Mumbai,Viewpoint,19.0225814,73.0291933,node/10896304854,
Nature Education Centre,Mumbai,Museum,19.0524841,72.8626505,node/11022219695,
Observation Deck,Mumbai,Viewpoint,19.2283841,72.9897479,node/11611029000,
Powai Vatika,Mumbai,Tourist Attraction,19.1229152,72.9069326,node/11697760314,
Heaven's Peak Viewpoint Belapur,Mumbai,Viewpoint,19.032131,73.047857,node/11887158672,
Shangri-La,Mumbai,Viewpoint,19.0324962,73.0478876,node/11887158679,https://thumb.wikimedia.org/wikipedia/commons/thumb/a/a5/Shangri_La_resort_in_Muscat.jpg/960px-Shangri_La_resort_in_Muscat.jpg?utm_source=commons.wikimedia.org&utm_campaign=imageinfo&utm_content=thumbnail
Mumbai Metro Photo Gallery,Mumbai,Gallery,19.0603027,72.8549071,node/12307248579,
GSLV Rocket Model,Mumbai,Tourist Attraction,19.1800792,72.9396345,node/12386067450,https://upload.wikimedia.org/wikipedia/commons/3/37/CE-20_Engine_Config_Model.png?utm_source=commons.wikimedia.org&utm_campaign=imageinfo&utm_content=thumbnail_unscaled
Tulsi Lake View,Mumbai,Viewpoint,19.1812907,72.9320048,node/12389469713,https://thumb.wikimedia.org/wikipedia/commons/thumb/6/6e/Tulsi_Lake_-_panoramio.jpg/960px-Tulsi_Lake_-_panoramio.jpg?utm_source=commons.wikimedia.org&utm_campaign=imageinfo&utm_content=thumbnail
Jalsa (Amitabh Bacchan House),Mumbai,Tourist Attraction,19.1049088,72.8275345,node/12842089410,
Tulsi Lake Viewpoint,Mumbai,Viewpoint,19.1888935,72.9347212,node/12850034015,
KidZania,Mumbai,Theme Park,19.0995051,72.9168447,node/13091770542,
Fortune Heights,Mumbai,Theme Park,19.1600264,72.8389801,node/13094303210,
Paradox Museum,Mumbai,Museum,18.9362861,72.8317871,node/13464039888,
Echo Point,Mumbai,Viewpoint,18.9565193,72.8060382,node/13577417278,
Larezna Art Gallery,Mumbai,Gallery,19.143921,72.8240079,node/13589489135,
Bhandup Bird Watching Point,Mumbai,Viewpoint,19.1392186,72.9571339,node/13990919364,
Cannon Museum,Mumbai,Museum,19.1821711,72.9825601,node/14078518478,
Moksh,Mumbai,Gallery,18.9286397,72.832281,node/14100502703,
47A,Mumbai,Gallery,18.9553494,72.8210002,node/14101276024,
Museum of Solutions,Mumbai,Museum,19.0056826,72.8273915,node/14119124912,
Banganga Tank,Mumbai,Tourist Attraction,18.9454866,72.7936879,way/38718204,
Girgaum Chowpatty Beach,Mumbai,Tourist Attraction,18.9543869,72.8114236,way/38718382,
Mani Bhavan,Mumbai,Museum,18.9598898,72.8114984,way/39835569,
Crawford Market,Mumbai,Tourist Attraction,18.9473287,72.8345502,way/49001325,
Essel World and Water Kingdom,Mumbai,Theme Park,19.2327497,72.8055268,way/49422950,
Worli Fort,Mumbai,Tourist Attraction,19.0237394,72.8168371,way/53361712,
Dr. Bhau Daji Lad Museum,Mumbai,Museum,18.9791705,72.8348102,way/53369531,
Flamingo Point,Mumbai,Tourist Attraction,18.9956242,72.8615436,way/55794887,https://thumb.wikimedia.org/wikipedia/commons/thumb/6/6b/005c_Greater_flamingos_courtship_display_in_the_Camargue_during_mating_season_Photo_by_Giles_Laurent.jpg/960px-005c_Greater_flamingos_courtship_display_in_the_Camargue_during_mating_season_Photo_by_Giles_Laurent.jpg?utm_source=commons.wikimedia.org&utm_campaign=imageinfo&utm_content=thumbnail
Gilbert Hill,Mumbai,Tourist Attraction,19.1205355,72.8399617,way/73045131,https://thumb.wikimedia.org/wikipedia/commons/thumb/c/ca/Gilbert_Hill%2C_Andheri.jpg/960px-Gilbert_Hill%2C_Andheri.jpg?utm_source=commons.wikimedia.org&utm_campaign=imageinfo&utm_content=thumbnail
Mangaldas Market,Mumbai,Tourist Attraction,18.9481291,72.8323712,way/79304233,https://thumb.wikimedia.org/wikipedia/commons/thumb/e/e4/The_Collected_Works_of_Mahatma_Gandhi%2C_vol._35.djvu/page1-960px-The_Collected_Works_of_Mahatma_Gandhi%2C_vol._35.djvu.jpg?utm_source=commons.wikimedia.org&utm_campaign=imageinfo&utm_content=thumbnail
Chhatrapati Shivaji Maharaj Terminus,Mumbai,Tourist Attraction,18.94012,72.8362,way/107441516,https://thumb.wikimedia.org/wikipedia/commons/thumb/a/a4/Chhatrapati_Shivaji_Maharaj_Terminus_CSMT_Mumbai_IMG_20230818_191824_%2812%29_01.jpg/960px-Chhatrapati_Shivaji_Maharaj_Terminus_CSMT_Mumbai_IMG_20230818_191824_%2812%29_01.jpg?utm_source=commons.wikimedia.org&utm_campaign=imageinfo&utm_content=thumbnail
Veermata Jijabai Bhosale Zoo & Botanical Garden,Mumbai,Zoo,18.9781478,72.8367841,way/112796885,
Tikujiniwadi Water Park,Mumbai,Theme Park,19.2382315,72.9665907,way/128971258,
Madh Chowpatty,Mumbai,Tourist Attraction,19.151039,72.7867132,way/204704714,
Chhatrapati Shivaji Maharaj Vastu Sangrahalaya,Mumbai,Museum,18.9268827,72.8326589,way/206808196,
Jehangir Art Gallery,Mumbai,Gallery,18.9272846,72.8317177,way/206808197,
The Bombay Art Society,Mumbai,Gallery,19.0516645,72.8327767,way/356425974,
Kanheri Cave Complex,Mumbai,Tourist Attraction,19.2064728,72.9061474,way/369460776,
सायन किल्ला,Mumbai,Tourist Attraction,19.046611,72.8676018,way/431512593,
Sewri Fort,Mumbai,Tourist Attraction,19.0005078,72.8601265,way/626249301,
Vedic Park,Mumbai,Tourist Attraction,19.1328938,72.89823,way/628861196,
Film City Temple,Mumbai,Tourist Attraction,19.1547465,72.895178,way/629094962,
Abu Village,Mumbai,Tourist Attraction,19.1639912,72.8888355,way/629094968,
Nehru Science Centre,Mumbai,Museum,18.9906494,72.8187964,way/979386029,
Shivaji Maharaj And Ramdas Statue,Mumbai,Tourist Attraction,18.9264301,73.0158602,way/988399692,
Dolphin Aquarium,Mumbai,Aquarium,19.1076103,72.842898,way/1123427069,
Tiger & Lion Safari,Mumbai,Zoo,19.2348955,72.875188,way/1158933420,
Butterfly Park,Mumbai,Zoo,19.0305665,73.0364893,way/1160064880,
वीर सावरकर स्मारक,Mumbai,Museum,19.0284402,72.836641,way/1289189671,
CSMVS Children’s Museum,Mumbai,Museum,18.9260723,72.8330638,way/1329343138,
Dadasaheb Phalke Chitranagari,Mumbai,Tourist Attraction,19.1582914,72.8901245,relation/8757021,
