Place ID,Place Name,City,Category,Candidate Rank,Commons File Title,Name Match Score,Image URL,Commons File Page,Status
1,GATEWAY OF INDIA,Mumbai,Tourist Attraction,1,"File:Gateway of India , Mumbai, India.jpg",1.00,https://thumb.wikimedia.org/wikipedia/commons/thumb/f/f9/Gateway_of_India_%2C_Mumbai%2C_India.jpg/960px-Gateway_of_India_%2C_Mumbai%2C_India.jpg?utm_source=commons.wikimedia.org&utm_campaign=imageinfo&utm_content=thumbnail,"https://commons.wikimedia.org/wiki/File:Gateway_of_India_,_Mumbai,_India.jpg",AUTO-UPDATED — verify photo
1,GATEWAY OF INDIA,Mumbai,Tourist Attraction,2,"File:Mumbai, India, The halls of the Gateway of India Monument.jpg",1.00,https://thumb.wikimedia.org/wikipedia/commons/thumb/8/88/Mumbai%2C_India%2C_The_halls_of_the_Gateway_of_India_Monument.jpg/960px-Mumbai%2C_India%2C_The_halls_of_the_Gateway_of_India_Monument.jpg?utm_source=commons.wikimedia.org&utm_campaign=imageinfo&utm_content=thumbnail,"https://commons.wikimedia.org/wiki/File:Mumbai,_India,_The_halls_of_the_Gateway_of_India_Monument.jpg",AUTO-UPDATED — verify photo
1,GATEWAY OF INDIA,Mumbai,Tourist Attraction,3,File:Mumbai 03-2016 30 Gateway of India.jpg,1.00,https://thumb.wikimedia.org/wikipedia/commons/thumb/3/3a/Mumbai_03-2016_30_Gateway_of_India.jpg/960px-Mumbai_03-2016_30_Gateway_of_India.jpg?utm_source=commons.wikimedia.org&utm_campaign=imageinfo&utm_content=thumbnail,https://commons.wikimedia.org/wiki/File:Mumbai_03-2016_30_Gateway_of_India.jpg,AUTO-UPDATED — verify photo
1,GATEWAY OF INDIA,Mumbai,Tourist Attraction,4,File:Panoramic view of Taj Palace Hotel and Taj Tower with the iconic Gateway of India in the background.jpg,1.00,https://thumb.wikimedia.org/wikipedia/commons/thumb/d/df/Panoramic_view_of_Taj_Palace_Hotel_and_Taj_Tower_with_the_iconic_Gateway_of_India_in_the_background.jpg/960px-Panoramic_view_of_Taj_Palace_Hotel_and_Taj_Tower_with_the_iconic_Gateway_of_India_in_the_background.jpg?utm_source=commons.wikimedia.org&utm_campaign=imageinfo&utm_content=thumbnail,https://commons.wikimedia.org/wiki/File:Panoramic_view_of_Taj_Palace_Hotel_and_Taj_Tower_with_the_iconic_Gateway_of_India_in_the_background.jpg,AUTO-UPDATED — verify photo
1,GATEWAY OF INDIA,Mumbai,Tourist Attraction,5,"File:Middle Ground Coastal Battery, Arabian Sea, Mumbai, India.jpg",0.28,https://thumb.wikimedia.org/wikipedia/commons/thumb/b/b6/Middle_Ground_Coastal_Battery%2C_Arabian_Sea%2C_Mumbai%2C_India.jpg/960px-Middle_Ground_Coastal_Battery%2C_Arabian_Sea%2C_Mumbai%2C_India.jpg?utm_source=commons.wikimedia.org&utm_campaign=imageinfo&utm_content=thumbnail,"https://commons.wikimedia.org/wiki/File:Middle_Ground_Coastal_Battery,_Arabian_Sea,_Mumbai,_India.jpg",AUTO-UPDATED — verify photo
2,MARINE DRIVE,Mumbai,Tourist Attraction,1,File:Marine Lines Mumbai 2021.jpg,0.42,https://thumb.wikimedia.org/wikipedia/commons/thumb/5/5c/Marine_Lines_Mumbai_2021.jpg/960px-Marine_Lines_Mumbai_2021.jpg?utm_source=commons.wikimedia.org&utm_campaign=imageinfo&utm_content=thumbnail,https://commons.wikimedia.org/wiki/File:Marine_Lines_Mumbai_2021.jpg,KEPT EXISTING — candidate needs review
2,MARINE DRIVE,Mumbai,Tourist Attraction,2,"File:Mumbai, India, Beach promenade and highway in Mumbai.jpg",0.00,https://thumb.wikimedia.org/wikipedia/commons/thumb/4/48/Mumbai%2C_India%2C_Beach_promenade_and_highway_in_Mumbai.jpg/960px-Mumbai%2C_India%2C_Beach_promenade_and_highway_in_Mumbai.jpg?utm_source=commons.wikimedia.org&utm_campaign=imageinfo&utm_content=thumbnail,"https://commons.wikimedia.org/wiki/File:Mumbai,_India,_Beach_promenade_and_highway_in_Mumbai.jpg",KEPT EXISTING — candidate needs review
2,MARINE DRIVE,Mumbai,Tourist Attraction,3,"File:Mumbai, India, Bombay, Mumbai city skyline at night.jpg",0.00,https://thumb.wikimedia.org/wikipedia/commons/thumb/a/a9/Mumbai%2C_India%2C_Bombay%2C_Mumbai_city_skyline_at_night.jpg/960px-Mumbai%2C_India%2C_Bombay%2C_Mumbai_city_skyline_at_night.jpg?utm_source=commons.wikimedia.org&utm_campaign=imageinfo&utm_content=thumbnail,"https://commons.wikimedia.org/wiki/File:Mumbai,_India,_Bombay,_Mumbai_city_skyline_at_night.jpg",KEPT EXISTING — candidate needs review
2,MARINE DRIVE,Mumbai,Tourist Attraction,4,"File:Mumbai, India, Bombay, Mumbai skyline at sunset.jpg",0.00,https://thumb.wikimedia.org/wikipedia/commons/thumb/f/fb/Mumbai%2C_India%2C_Bombay%2C_Mumbai_skyline_at_sunset.jpg/960px-Mumbai%2C_India%2C_Bombay%2C_Mumbai_skyline_at_sunset.jpg?utm_source=commons.wikimedia.org&utm_campaign=imageinfo&utm_content=thumbnail,"https://commons.wikimedia.org/wiki/File:Mumbai,_India,_Bombay,_Mumbai_skyline_at_sunset.jpg",KEPT EXISTING — candidate needs review
2,MARINE DRIVE,Mumbai,Tourist Attraction,5,File:Mumbai Skyline at Night.jpg,0.00,https://thumb.wikimedia.org/wikipedia/commons/thumb/1/14/Mumbai_Skyline_at_Night.jpg/960px-Mumbai_Skyline_at_Night.jpg?utm_source=commons.wikimedia.org&utm_campaign=imageinfo&utm_content=thumbnail,https://commons.wikimedia.org/wiki/File:Mumbai_Skyline_at_Night.jpg,KEPT EXISTING — candidate needs review
3,SIDDHIVINAYAK TEMPLE,Mumbai,Religion Place,1,File:Shree Siddhivinayak Temple Mumbai.jpg,1.00,https://thumb.wikimedia.org/wikipedia/commons/thumb/b/b9/Shree_Siddhivinayak_Temple_Mumbai.jpg/960px-Shree_Siddhivinayak_Temple_Mumbai.jpg?utm_source=commons.wikimedia.org&utm_campaign=imageinfo&utm_content=thumbnail,https://commons.wikimedia.org/wiki/File:Shree_Siddhivinayak_Temple_Mumbai.jpg,AUTO-UPDATED — verify photo
3,SIDDHIVINAYAK TEMPLE,Mumbai,Religion Place,2,File:Siddhivinayak Temple (236987777).jpg,1.00,https://thumb.wikimedia.org/wikipedia/commons/thumb/7/73/Siddhivinayak_Temple_%28236987777%29.jpg/960px-Siddhivinayak_Temple_%28236987777%29.jpg?utm_source=commons.wikimedia.org&utm_campaign=imageinfo&utm_content=thumbnail,https://commons.wikimedia.org/wiki/File:Siddhivinayak_Temple_(236987777).jpg,AUTO-UPDATED — verify photo
3,SIDDHIVINAYAK TEMPLE,Mumbai,Religion Place,3,File:Shree Siddhivinayak Mandir.jpg,0.42,https://thumb.wikimedia.org/wikipedia/commons/thumb/6/6a/Shree_Siddhivinayak_Mandir.jpg/960px-Shree_Siddhivinayak_Mandir.jpg?utm_source=commons.wikimedia.org&utm_campaign=imageinfo&utm_content=thumbnail,https://commons.wikimedia.org/wiki/File:Shree_Siddhivinayak_Mandir.jpg,AUTO-UPDATED — verify photo
3,SIDDHIVINAYAK TEMPLE,Mumbai,Religion Place,4,"File:Mumbai (Bombay), RTW 2012 (8403774545).jpg",0.00,https://thumb.wikimedia.org/wikipedia/commons/thumb/e/e1/Mumbai_%28Bombay%29%2C_RTW_2012_%288403774545%29.jpg/960px-Mumbai_%28Bombay%29%2C_RTW_2012_%288403774545%29.jpg?utm_source=commons.wikimedia.org&utm_campaign=imageinfo&utm_content=thumbnail,"https://commons.wikimedia.org/wiki/File:Mumbai_(Bombay),_RTW_2012_(8403774545).jpg",AUTO-UPDATED — verify photo
3,SIDDHIVINAYAK TEMPLE,Mumbai,Religion Place,5,File:Mumbai Photomontage.png,0.00,https://thumb.wikimedia.org/wikipedia/commons/thumb/d/da/Mumbai_Photomontage.png/960px-Mumbai_Photomontage.png?utm_source=commons.wikimedia.org&utm_campaign=imageinfo&utm_content=thumbnail,https://commons.wikimedia.org/wiki/File:Mumbai_Photomontage.png,AUTO-UPDATED — verify photo
4,CHHATRAPATI SHIVAJI MAHAARAJ TERMINUS,Mumbai,Historical Place,,,,,,REVIEW — no strong match
5,Amphitheatre,Mumbai,Tourist Attraction,1,"File:Bombay Courier, 28 November 1837 (IA dli.granth.3179).pdf",0.00,https://thumb.wikimedia.org/wikipedia/commons/thumb/c/c9/Bombay_Courier%2C_28_November_1837_%28IA_dli.granth.3179%29.pdf/page1-960px-Bombay_Courier%2C_28_November_1837_%28IA_dli.granth.3179%29.pdf.jpg?utm_source=commons.wikimedia.org&utm_campaign=imageinfo&utm_content=thumbnail,"https://commons.wikimedia.org/wiki/File:Bombay_Courier,_28_November_1837_(IA_dli.granth.3179).pdf",CLEARED SUSPICIOUS URL — review candidates
5,Amphitheatre,Mumbai,Tourist Attraction,2,"File:The Bombay Gazette, 17 April 1862 (IA dli.granth.21409).pdf",0.00,https://thumb.wikimedia.org/wikipedia/commons/thumb/d/de/The_Bombay_Gazette%2C_17_April_1862_%28IA_dli.granth.21409%29.pdf/page1-960px-The_Bombay_Gazette%2C_17_April_1862_%28IA_dli.granth.21409%29.pdf.jpg?utm_source=commons.wikimedia.org&utm_campaign=imageinfo&utm_content=thumbnail,"https://commons.wikimedia.org/wiki/File:The_Bombay_Gazette,_17_April_1862_(IA_dli.granth.21409).pdf",CLEARED SUSPICIOUS URL — review candidates
5,Amphitheatre,Mumbai,Tourist Attraction,3,"File:The Bombay Gazette, 21 April 1862 (IA dli.granth.21431).pdf",0.00,https://thumb.wikimedia.org/wikipedia/commons/thumb/b/bb/The_Bombay_Gazette%2C_21_April_1862_%28IA_dli.granth.21431%29.pdf/page1-960px-The_Bombay_Gazette%2C_21_April_1862_%28IA_dli.granth.21431%29.pdf.jpg?utm_source=commons.wikimedia.org&utm_campaign=imageinfo&utm_content=thumbnail,"https://commons.wikimedia.org/wiki/File:The_Bombay_Gazette,_21_April_1862_(IA_dli.granth.21431).pdf",CLEARED SUSPICIOUS URL — review candidates
5,Amphitheatre,Mumbai,Tourist Attraction,4,"File:The Bombay Gazette, 28 January 1862 (IA dli.granth.20653).pdf",0.00,https://thumb.wikimedia.org/wikipedia/commons/thumb/e/ec/The_Bombay_Gazette%2C_28_January_1862_%28IA_dli.granth.20653%29.pdf/page1-960px-The_Bombay_Gazette%2C_28_January_1862_%28IA_dli.granth.20653%29.pdf.jpg?utm_source=commons.wikimedia.org&utm_campaign=imageinfo&utm_content=thumbnail,"https://commons.wikimedia.org/wiki/File:The_Bombay_Gazette,_28_January_1862_(IA_dli.granth.20653).pdf",CLEARED SUSPICIOUS URL — review candidates
5,Amphitheatre,Mumbai,Tourist Attraction,5,"File:The Bombay Guardian, 20 February 1869 (IA dli.granth.116068).pdf",0.00,https://thumb.wikimedia.org/wikipedia/commons/thumb/a/ad/The_Bombay_Guardian%2C_20_February_1869_%28IA_dli.granth.116068%29.pdf/page1-960px-The_Bombay_Guardian%2C_20_February_1869_%28IA_dli.granth.116068%29.pdf.jpg?utm_source=commons.wikimedia.org&utm_campaign=imageinfo&utm_content=thumbnail,"https://commons.wikimedia.org/wiki/File:The_Bombay_Guardian,_20_February_1869_(IA_dli.granth.116068).pdf",CLEARED SUSPICIOUS URL — review candidates
6,Castella de Aguada,Mumbai,Tourist Attraction,1,"File:Bandra Fort, Mumbai WLM10.JPG",0.00,https://thumb.wikimedia.org/wikipedia/commons/thumb/a/ac/Bandra_Fort%2C_Mumbai_WLM10.JPG/960px-Bandra_Fort%2C_Mumbai_WLM10.JPG?utm_source=commons.wikimedia.org&utm_campaign=imageinfo&utm_content=thumbnail,"https://commons.wikimedia.org/wiki/File:Bandra_Fort,_Mumbai_WLM10.JPG",KEPT EXISTING — candidate needs review
6,Castella de Aguada,Mumbai,Tourist Attraction,2,"File:Bandra Fort, Mumbai WLM3.JPG",0.00,https://thumb.wikimedia.org/wikipedia/commons/thumb/8/8b/Bandra_Fort%2C_Mumbai_WLM3.JPG/960px-Bandra_Fort%2C_Mumbai_WLM3.JPG?utm_source=commons.wikimedia.org&utm_campaign=imageinfo&utm_content=thumbnail,"https://commons.wikimedia.org/wiki/File:Bandra_Fort,_Mumbai_WLM3.JPG",KEPT EXISTING — candidate needs review
6,Castella de Aguada,Mumbai,Tourist Attraction,3,"File:Bandra Fort, Mumbai WLM4.JPG",0.00,https://thumb.wikimedia.org/wikipedia/commons/thumb/8/8d/Bandra_Fort%2C_Mumbai_WLM4.JPG/960px-Bandra_Fort%2C_Mumbai_WLM4.JPG?utm_source=commons.wikimedia.org&utm_campaign=imageinfo&utm_content=thumbnail,"https://commons.wikimedia.org/wiki/File:Bandra_Fort,_Mumbai_WLM4.JPG",KEPT EXISTING — candidate needs review
6,Castella de Aguada,Mumbai,Tourist Attraction,4,"File:Bandra Fort, Mumbai WLM5.JPG",0.00,https://thumb.wikimedia.org/wikipedia/commons/thumb/e/e6/Bandra_Fort%2C_Mumbai_WLM5.JPG/960px-Bandra_Fort%2C_Mumbai_WLM5.JPG?utm_source=commons.wikimedia.org&utm_campaign=imageinfo&utm_content=thumbnail,"https://commons.wikimedia.org/wiki/File:Bandra_Fort,_Mumbai_WLM5.JPG",KEPT EXISTING — candidate needs review
6,Castella de Aguada,Mumbai,Tourist Attraction,5,"File:Bandra Fort, Mumbai WLM8.JPG",0.00,https://thumb.wikimedia.org/wikipedia/commons/thumb/8/8f/Bandra_Fort%2C_Mumbai_WLM8.JPG/960px-Bandra_Fort%2C_Mumbai_WLM8.JPG?utm_source=commons.wikimedia.org&utm_campaign=imageinfo&utm_content=thumbnail,"https://commons.wikimedia.org/wiki/File:Bandra_Fort,_Mumbai_WLM8.JPG",KEPT EXISTING — candidate needs review
7,Kala Qila,Mumbai,Tourist Attraction,,,,,,CLEARED SUSPICIOUS URL — review candidates
8,माहीम किल्ला,Mumbai,Tourist Attraction,1,File:Mahim Fort 3.jpg,0.00,https://thumb.wikimedia.org/wikipedia/commons/thumb/6/69/Mahim_Fort_3.jpg/960px-Mahim_Fort_3.jpg?utm_source=commons.wikimedia.org&utm_campaign=imageinfo&utm_content=thumbnail,https://commons.wikimedia.org/wiki/File:Mahim_Fort_3.jpg,KEPT EXISTING — candidate needs review
8,माहीम किल्ला,Mumbai,Tourist Attraction,2,File:Mahim Fort 7.jpg,0.00,https://thumb.wikimedia.org/wikipedia/commons/thumb/0/02/Mahim_Fort_7.jpg/960px-Mahim_Fort_7.jpg?utm_source=commons.wikimedia.org&utm_campaign=imageinfo&utm_content=thumbnail,https://commons.wikimedia.org/wiki/File:Mahim_Fort_7.jpg,KEPT EXISTING — candidate needs review
8,माहीम किल्ला,Mumbai,Tourist Attraction,3,File:Mahim Fort 9.jpg,0.00,https://thumb.wikimedia.org/wikipedia/commons/thumb/e/e3/Mahim_Fort_9.jpg/960px-Mahim_Fort_9.jpg?utm_source=commons.wikimedia.org&utm_campaign=imageinfo&utm_content=thumbnail,https://commons.wikimedia.org/wiki/File:Mahim_Fort_9.jpg,KEPT EXISTING — candidate needs review
8,माहीम किल्ला,Mumbai,Tourist Attraction,4,File:Mahim Fort is a fort in Mahim in Mumbai..JPG,0.00,https://thumb.wikimedia.org/wikipedia/commons/thumb/7/70/Mahim_Fort_is_a_fort_in_Mahim_in_Mumbai..JPG/960px-Mahim_Fort_is_a_fort_in_Mahim_in_Mumbai..JPG?utm_source=commons.wikimedia.org&utm_campaign=imageinfo&utm_content=thumbnail,https://commons.wikimedia.org/wiki/File:Mahim_Fort_is_a_fort_in_Mahim_in_Mumbai..JPG,KEPT EXISTING — candidate needs review
8,माहीम किल्ला,Mumbai,Tourist Attraction,5,"File:Remainings of Mahim Fort, Mumbai.JPG",0.00,https://thumb.wikimedia.org/wikipedia/commons/thumb/d/d8/Remainings_of_Mahim_Fort%2C_Mumbai.JPG/960px-Remainings_of_Mahim_Fort%2C_Mumbai.JPG?utm_source=commons.wikimedia.org&utm_campaign=imageinfo&utm_content=thumbnail,"https://commons.wikimedia.org/wiki/File:Remainings_of_Mahim_Fort,_Mumbai.JPG",KEPT EXISTING — candidate needs review
9,Madh Fort,Mumbai,Tourist Attraction,1,File:Madh-fort1.jpg,1.00,https://upload.wikimedia.org/wikipedia/commons/9/9b/Madh-fort1.jpg?utm_source=commons.wikimedia.org&utm_campaign=imageinfo&utm_content=thumbnail_unscaled,https://commons.wikimedia.org/wiki/File:Madh-fort1.jpg,AUTO-UPDATED — verify photo
9,Madh Fort,Mumbai,Tourist Attraction,2,File:Madh-fort2.jpg,1.00,https://upload.wikimedia.org/wikipedia/commons/a/a0/Madh-fort2.jpg?utm_source=commons.wikimedia.org&utm_campaign=imageinfo&utm_content=thumbnail_unscaled,https://commons.wikimedia.org/wiki/File:Madh-fort2.jpg,AUTO-UPDATED — verify photo
9,Madh Fort,Mumbai,Tourist Attraction,3,File:Madh-fort3.jpg,1.00,https://upload.wikimedia.org/wikipedia/commons/c/c3/Madh-fort3.jpg?utm_source=commons.wikimedia.org&utm_campaign=imageinfo&utm_content=thumbnail_unscaled,https://commons.wikimedia.org/wiki/File:Madh-fort3.jpg,AUTO-UPDATED — verify photo
9,Madh Fort,Mumbai,Tourist Attraction,4,File:Madh-fort5.jpg,1.00,https://upload.wikimedia.org/wikipedia/commons/9/96/Madh-fort5.jpg?utm_source=commons.wikimedia.org&utm_campaign=imageinfo&utm_content=thumbnail_unscaled,https://commons.wikimedia.org/wiki/File:Madh-fort5.jpg,AUTO-UPDATED — verify photo
9,Madh Fort,Mumbai,Tourist Attraction,5,File:Seagull in Madh Island Mumbai.jpg,0.42,https://upload.wikimedia.org/wikipedia/commons/2/2a/Seagull_in_Madh_Island_Mumbai.jpg?utm_source=commons.wikimedia.org&utm_campaign=imageinfo&utm_content=thumbnail_unscaled,https://commons.wikimedia.org/wiki/File:Seagull_in_Madh_Island_Mumbai.jpg,AUTO-UPDATED — verify photo
10,भाऊ दाजी लाड संग्रहालय,Mumbai,Museum,1,File:Bhau Daji Lad Museum 01.jpg,0.00,https://thumb.wikimedia.org/wikipedia/commons/thumb/7/79/Bhau_Daji_Lad_Museum_01.jpg/960px-Bhau_Daji_Lad_Museum_01.jpg?utm_source=commons.wikimedia.org&utm_campaign=imageinfo&utm_content=thumbnail,https://commons.wikimedia.org/wiki/File:Bhau_Daji_Lad_Museum_01.jpg,KEPT EXISTING — candidate needs review
10,भाऊ दाजी लाड संग्रहालय,Mumbai,Museum,2,File:Bhau Daji Lad Museum 03.jpg,0.00,https://thumb.wikimedia.org/wikipedia/commons/thumb/6/6a/Bhau_Daji_Lad_Museum_03.jpg/960px-Bhau_Daji_Lad_Museum_03.jpg?utm_source=commons.wikimedia.org&utm_campaign=imageinfo&utm_content=thumbnail,https://commons.wikimedia.org/wiki/File:Bhau_Daji_Lad_Museum_03.jpg,KEPT EXISTING — candidate needs review
10,भाऊ दाजी लाड संग्रहालय,Mumbai,Museum,3,File:Bhau Daji Lad Museum 07.jpg,0.00,https://thumb.wikimedia.org/wikipedia/commons/thumb/4/45/Bhau_Daji_Lad_Museum_07.jpg/960px-Bhau_Daji_Lad_Museum_07.jpg?utm_source=commons.wikimedia.org&utm_campaign=imageinfo&utm_content=thumbnail,https://commons.wikimedia.org/wiki/File:Bhau_Daji_Lad_Museum_07.jpg,KEPT EXISTING — candidate needs review
10,भाऊ दाजी लाड संग्रहालय,Mumbai,Museum,4,File:Bhau Daji Lad Museum 08.jpg,0.00,https://thumb.wikimedia.org/wikipedia/commons/thumb/e/e4/Bhau_Daji_Lad_Museum_08.jpg/960px-Bhau_Daji_Lad_Museum_08.jpg?utm_source=commons.wikimedia.org&utm_campaign=imageinfo&utm_content=thumbnail,https://commons.wikimedia.org/wiki/File:Bhau_Daji_Lad_Museum_08.jpg,KEPT EXISTING — candidate needs review
10,भाऊ दाजी लाड संग्रहालय,Mumbai,Museum,5,"File:Dr. Bhaudaji Lad Museum, Mumbai.jpg",0.00,https://upload.wikimedia.org/wikipedia/commons/2/2e/Dr._Bhaudaji_Lad_Museum%2C_Mumbai.jpg?utm_source=commons.wikimedia.org&utm_campaign=imageinfo&utm_content=thumbnail_unscaled,"https://commons.wikimedia.org/wiki/File:Dr._Bhaudaji_Lad_Museum,_Mumbai.jpg",KEPT EXISTING — candidate needs review
11,Landmark Heights Apartment Park,Mumbai,Theme Park,,,,,,CLEARED SUSPICIOUS URL — review candidates
12,Loop Gallery,Mumbai,Viewpoint,,,,,,ERROR: 429 Client Error: Too Many Requests for url: https://commons.wikimedia.org/w/api.php?action=query&format=json&generator=search&gsrsearch=%22Loop+Gallery%22+Mumbai+India&gsrnamespace=6&gsrlimit=5&prop=imageinfo&iiprop=url&iiurlwidth=900
13,Samyukta Maharashtra Daalan,Mumbai,Museum,,,,,,ERROR: 429 Client Error: Too Many Requests for url: https://commons.wikimedia.org/w/api.php?action=query&format=json&generator=search&gsrsearch=%22Samyukta+Maharashtra+Daalan%22+Mumbai+India&gsrnamespace=6&gsrlimit=5&prop=imageinfo&iiprop=url&iiurlwidth=900
14,नॅशनल गॅलरी ऑफ मॉडर्न आर्ट,Mumbai,Museum,,,,,,ERROR: 429 Client Error: Too Many Requests for url: https://commons.wikimedia.org/w/api.php?action=query&format=json&generator=search&gsrsearch=%22%E0%A4%A8%E0%A5%85%E0%A4%B6%E0%A4%A8%E0%A4%B2+%E0%A4%97%E0%A5%85%E0%A4%B2%E0%A4%B0%E0%A5%80+%E0%A4%91%E0%A4%AB+%E0%A4%AE%E0%A5%89%E0%A4%A1%E0%A4%B0%E0%A5%8D%E0%A4%A8+%E0%A4%86%E0%A4%B0%E0%A5%8D%E0%A4%9F%22+Mumbai+India&gsrnamespace=6&gsrlimit=5&prop=imageinfo&iiprop=url&iiurlwidth=900
15,Elephanta Caves,Mumbai,Tourist Attraction,,,,,,ERROR: 429 Client Error: Too Many Requests for url: https://commons.wikimedia.org/w/api.php?action=query&format=json&generator=search&gsrsearch=%22Elephanta+Caves%22+Mumbai+India&gsrnamespace=6&gsrlimit=5&prop=imageinfo&iiprop=url&iiurlwidth=900
16,Cave 3,Mumbai,Tourist Attraction,,,,,,ERROR: 429 Client Error: Too Many Requests for url: https://commons.wikimedia.org/w/api.php?action=query&format=json&generator=search&gsrsearch=%22Cave+3%22+Mumbai+India&gsrnamespace=6&gsrlimit=5&prop=imageinfo&iiprop=url&iiurlwidth=900
17,Gender & Science Exhibit,Mumbai,Tourist Attraction,,,,,,ERROR: 429 Client Error: Too Many Requests for url: https://commons.wikimedia.org/w/api.php?action=query&format=json&generator=search&gsrsearch=%22Gender+%26+Science+Exhibit%22+Mumbai+India&gsrnamespace=6&gsrlimit=5&prop=imageinfo&iiprop=url&iiurlwidth=900
18,Cannon 1,Mumbai,Tourist Attraction,,,,,,ERROR: 429 Client Error: Too Many Requests for url: https://commons.wikimedia.org/w/api.php?action=query&format=json&generator=search&gsrsearch=%22Cannon+1%22+Mumbai+India&gsrnamespace=6&gsrlimit=5&prop=imageinfo&iiprop=url&iiurlwidth=900
19,Cannon 2,Mumbai,Tourist Attraction,,,,,,ERROR: 429 Client Error: Too Many Requests for url: https://commons.wikimedia.org/w/api.php?action=query&format=json&generator=search&gsrsearch=%22Cannon+2%22+Mumbai+India&gsrnamespace=6&gsrlimit=5&prop=imageinfo&iiprop=url&iiurlwidth=900
20,Bombay Skyline viewpoint,Mumbai,Viewpoint,,,,,,ERROR: 429 Client Error: Too Many Requests for url: https://commons.wikimedia.org/w/api.php?action=query&format=json&generator=search&gsrsearch=%22Bombay+Skyline+viewpoint%22+Mumbai+India&gsrnamespace=6&gsrlimit=5&prop=imageinfo&iiprop=url&iiurlwidth=900
21,St John The Baptist Shrine/Oratory,Mumbai,Tourist Attraction,,,,,,ERROR: 429 Client Error: Too Many Requests for url: https://commons.wikimedia.org/w/api.php?action=query&format=json&generator=search&gsrsearch=%22St+John+The+Baptist+Shrine%2FOratory%22+Mumbai+India&gsrnamespace=6&gsrlimit=5&prop=imageinfo&iiprop=url&iiurlwidth=900
22,Go Bonkers,Mumbai,Theme Park,,,,,,ERROR: 429 Client Error: Too Many Requests for url: https://commons.wikimedia.org/w/api.php?action=query&format=json&generator=search&gsrsearch=%22Go+Bonkers%22+Mumbai+India&gsrnamespace=6&gsrlimit=5&prop=imageinfo&iiprop=url&iiurlwidth=900
23,Taraporewala Aquarium,Mumbai,Aquarium,,,,,,ERROR: 429 Client Error: Too Many Requests for url: https://commons.wikimedia.org/w/api.php?action=query&format=json&generator=search&gsrsearch=%22Taraporewala+Aquarium%22+Mumbai+India&gsrnamespace=6&gsrlimit=5&prop=imageinfo&iiprop=url&iiurlwidth=900
24,Patidar Co Op Housing Society,Mumbai,Viewpoint,,,,,,ERROR: 429 Client Error: Too Many Requests for url: https://commons.wikimedia.org/w/api.php?action=query&format=json&generator=search&gsrsearch=%22Patidar+Co+Op+Housing+Society%22+Mumbai+India&gsrnamespace=6&gsrlimit=5&prop=imageinfo&iiprop=url&iiurlwidth=900
25,Kwan Tai Shek Temple,Mumbai,Tourist Attraction,,,,,,ERROR: 429 Client Error: Too Many Requests for url: https://commons.wikimedia.org/w/api.php?action=query&format=json&generator=search&gsrsearch=%22Kwan+Tai+Shek+Temple%22+Mumbai+India&gsrnamespace=6&gsrlimit=5&prop=imageinfo&iiprop=url&iiurlwidth=900
26,art gallery,Mumbai,Gallery,,,,,,ERROR: 429 Client Error: Too Many Requests for url: https://commons.wikimedia.org/w/api.php?action=query&format=json&generator=search&gsrsearch=%22art+gallery%22+Mumbai+India&gsrnamespace=6&gsrlimit=5&prop=imageinfo&iiprop=url&iiurlwidth=900
27,Nariman Point,Mumbai,Tourist Attraction,,,,,,ERROR: 429 Client Error: Too Many Requests for url: https://commons.wikimedia.org/w/api.php?action=query&format=json&generator=search&gsrsearch=%22Nariman+Point%22+Mumbai+India&gsrnamespace=6&gsrlimit=5&prop=imageinfo&iiprop=url&iiurlwidth=900
28,Mannat Lands End (Shah Rukh Khan's Bungalow),Mumbai,Tourist Attraction,,,,,,ERROR: 429 Client Error: Too Many Requests for url: https://commons.wikimedia.org/w/api.php?action=query&format=json&generator=search&gsrsearch=%22Mannat+Lands+End+%28Shah+Rukh+Khan%27s+Bungalow%29%22+Mumbai+India&gsrnamespace=6&gsrlimit=5&prop=imageinfo&iiprop=url&iiurlwidth=900
29,Galaxy (Salman Khan House),Mumbai,Tourist Attraction,,,,,,ERROR: 429 Client Error: Too Many Requests for url: https://commons.wikimedia.org/w/api.php?action=query&format=json&generator=search&gsrsearch=%22Galaxy+%28Salman+Khan+House%29%22+Mumbai+India&gsrnamespace=6&gsrlimit=5&prop=imageinfo&iiprop=url&iiurlwidth=900
30,"Artisans' Center for Art, Craft & Design",Mumbai,Gallery,,,,,,ERROR: 429 Client Error: Too Many Requests for url: https://commons.wikimedia.org/w/api.php?action=query&format=json&generator=search&gsrsearch=%22Artisans%27+Center+for+Art%2C+Craft+%26+Design%22+Mumbai+India&gsrnamespace=6&gsrlimit=5&prop=imageinfo&iiprop=url&iiurlwidth=900
31,BEST Museum,Mumbai,Museum,,,,,,ERROR: 429 Client Error: Too Many Requests for url: https://commons.wikimedia.org/w/api.php?action=query&format=json&generator=search&gsrsearch=%22BEST+Museum%22+Mumbai+India&gsrnamespace=6&gsrlimit=5&prop=imageinfo&iiprop=url&iiurlwidth=900
32,Jewel of Navi Mumbai,Navi Mumbai,Tourist Attraction,,,,,,ERROR: 429 Client Error: Too Many Requests for url: https://commons.wikimedia.org/w/api.php?action=query&format=json&generator=search&gsrsearch=%22Jewel+of+Navi+Mumbai%22+Navi+Mumbai+India&gsrnamespace=6&gsrlimit=5&prop=imageinfo&iiprop=url&iiurlwidth=900
33,Mount Blanc View Gallery,Mumbai,Viewpoint,,,,,,ERROR: 429 Client Error: Too Many Requests for url: https://commons.wikimedia.org/w/api.php?action=query&format=json&generator=search&gsrsearch=%22Mount+Blanc+View+Gallery%22+Mumbai+India&gsrnamespace=6&gsrlimit=5&prop=imageinfo&iiprop=url&iiurlwidth=900
34,Sameer Hill,Mumbai,Viewpoint,,,,,,ERROR: 429 Client Error: Too Many Requests for url: https://commons.wikimedia.org/w/api.php?action=query&format=json&generator=search&gsrsearch=%22Sameer+Hill%22+Mumbai+India&gsrnamespace=6&gsrlimit=5&prop=imageinfo&iiprop=url&iiurlwidth=900
35,Har Har Gange Waterfalls,Mumbai,Tourist Attraction,,,,,,ERROR: 429 Client Error: Too Many Requests for url: https://commons.wikimedia.org/w/api.php?action=query&format=json&generator=search&gsrsearch=%22Har+Har+Gange+Waterfalls%22+Mumbai+India&gsrnamespace=6&gsrlimit=5&prop=imageinfo&iiprop=url&iiurlwidth=900
36,Singhania DC3,Mumbai,Tourist Attraction,,,,,,ERROR: 429 Client Error: Too Many Requests for url: https://commons.wikimedia.org/w/api.php?action=query&format=json&generator=search&gsrsearch=%22Singhania+DC3%22+Mumbai+India&gsrnamespace=6&gsrlimit=5&prop=imageinfo&iiprop=url&iiurlwidth=900
37,RBI Monetary Museum,Mumbai,Museum,,,,,,ERROR: 429 Client Error: Too Many Requests for url: https://commons.wikimedia.org/w/api.php?action=query&format=json&generator=search&gsrsearch=%22RBI+Monetary+Museum%22+Mumbai+India&gsrnamespace=6&gsrlimit=5&prop=imageinfo&iiprop=url&iiurlwidth=900
38,Powai Lake Viewpoint,Mumbai,Viewpoint,,,,,,ERROR: 429 Client Error: Too Many Requests for url: https://commons.wikimedia.org/w/api.php?action=query&format=json&generator=search&gsrsearch=%22Powai+Lake+Viewpoint%22+Mumbai+India&gsrnamespace=6&gsrlimit=5&prop=imageinfo&iiprop=url&iiurlwidth=900
39,Bandra Fort Gate,Mumbai,Tourist Attraction,,,,,,ERROR: 429 Client Error: Too Many Requests for url: https://commons.wikimedia.org/w/api.php?action=query&format=json&generator=search&gsrsearch=%22Bandra+Fort+Gate%22+Mumbai+India&gsrnamespace=6&gsrlimit=5&prop=imageinfo&iiprop=url&iiurlwidth=900
40,कमला नेहरू पार्क,Mumbai,Tourist Attraction,,,,,,ERROR: 429 Client Error: Too Many Requests for url: https://commons.wikimedia.org/w/api.php?action=query&format=json&generator=search&gsrsearch=%22%E0%A4%95%E0%A4%AE%E0%A4%B2%E0%A4%BE+%E0%A4%A8%E0%A5%87%E0%A4%B9%E0%A4%B0%E0%A5%82+%E0%A4%AA%E0%A4%BE%E0%A4%B0%E0%A5%8D%E0%A4%95%22+Mumbai+India&gsrnamespace=6&gsrlimit=5&prop=imageinfo&iiprop=url&iiurlwidth=900
41,संजय गांधी राष्ट्रीय उद्यान,Mumbai,Tourist Attraction,1,File:Mumbai 03-2016 100 surroundings of Kanheri Caves.jpg,0.00,https://thumb.wikimedia.org/wikipedia/commons/thumb/d/d3/Mumbai_03-2016_100_surroundings_of_Kanheri_Caves.jpg/960px-Mumbai_03-2016_100_surroundings_of_Kanheri_Caves.jpg?utm_source=commons.wikimedia.org&utm_campaign=imageinfo&utm_content=thumbnail,https://commons.wikimedia.org/wiki/File:Mumbai_03-2016_100_surroundings_of_Kanheri_Caves.jpg,REVIEW — no strong match
41,संजय गांधी राष्ट्रीय उद्यान,Mumbai,Tourist Attraction,2,File:Mumbai 03-2016 101 surroundings of Kanheri Caves.jpg,0.00,https://thumb.wikimedia.org/wikipedia/commons/thumb/9/9c/Mumbai_03-2016_101_surroundings_of_Kanheri_Caves.jpg/960px-Mumbai_03-2016_101_surroundings_of_Kanheri_Caves.jpg?utm_source=commons.wikimedia.org&utm_campaign=imageinfo&utm_content=thumbnail,https://commons.wikimedia.org/wiki/File:Mumbai_03-2016_101_surroundings_of_Kanheri_Caves.jpg,REVIEW — no strong match
41,संजय गांधी राष्ट्रीय उद्यान,Mumbai,Tourist Attraction,3,File:Mumbai 03-2016 89 scene in Sanjay Gandhi National Park.jpg,0.00,https://thumb.wikimedia.org/wikipedia/commons/thumb/f/f7/Mumbai_03-2016_89_scene_in_Sanjay_Gandhi_National_Park.jpg/960px-Mumbai_03-2016_89_scene_in_Sanjay_Gandhi_National_Park.jpg?utm_source=commons.wikimedia.org&utm_campaign=imageinfo&utm_content=thumbnail,https://commons.wikimedia.org/wiki/File:Mumbai_03-2016_89_scene_in_Sanjay_Gandhi_National_Park.jpg,REVIEW — no strong match
41,संजय गांधी राष्ट्रीय उद्यान,Mumbai,Tourist Attraction,4,File:Mumbai 03-2016 94 Kanheri Caves.jpg,0.00,https://thumb.wikimedia.org/wikipedia/commons/thumb/9/94/Mumbai_03-2016_94_Kanheri_Caves.jpg/960px-Mumbai_03-2016_94_Kanheri_Caves.jpg?utm_source=commons.wikimedia.org&utm_campaign=imageinfo&utm_content=thumbnail,https://commons.wikimedia.org/wiki/File:Mumbai_03-2016_94_Kanheri_Caves.jpg,REVIEW — no strong match
41,संजय गांधी राष्ट्रीय उद्यान,Mumbai,Tourist Attraction,5,File:Mumbai 03-2016 99 surroundings of Kanheri Caves.jpg,0.00,https://thumb.wikimedia.org/wikipedia/commons/thumb/5/51/Mumbai_03-2016_99_surroundings_of_Kanheri_Caves.jpg/960px-Mumbai_03-2016_99_surroundings_of_Kanheri_Caves.jpg?utm_source=commons.wikimedia.org&utm_campaign=imageinfo&utm_content=thumbnail,https://commons.wikimedia.org/wiki/File:Mumbai_03-2016_99_surroundings_of_Kanheri_Caves.jpg,REVIEW — no strong match
42,मातोश्री टॉवर,Mumbai,Tourist Attraction,,,,,,REVIEW — no strong match
43,I Love Seawoods,Mumbai,Tourist Attraction,,,,,,REVIEW — no strong match
44,Delhi Art Gallery,Mumbai,Gallery,,,,,,REVIEW — no strong match
45,Chemould Prescott Road,Mumbai,Gallery,,,,,,REVIEW — no strong match
46,The Walk,Mumbai,Tourist Attraction,1,"File:The Bombay Guardian, 16 February 1867 (IA dli.granth.115951).pdf",0.42,https://thumb.wikimedia.org/wikipedia/commons/thumb/9/9d/The_Bombay_Guardian%2C_16_February_1867_%28IA_dli.granth.115951%29.pdf/page1-960px-The_Bombay_Guardian%2C_16_February_1867_%28IA_dli.granth.115951%29.pdf.jpg?utm_source=commons.wikimedia.org&utm_campaign=imageinfo&utm_content=thumbnail,"https://commons.wikimedia.org/wiki/File:The_Bombay_Guardian,_16_February_1867_(IA_dli.granth.115951).pdf",REVIEW — no strong match
46,The Walk,Mumbai,Tourist Attraction,2,"File:The Bombay Guardian, 23 March 1867 (IA dli.granth.115957).pdf",0.42,https://thumb.wikimedia.org/wikipedia/commons/thumb/0/0e/The_Bombay_Guardian%2C_23_March_1867_%28IA_dli.granth.115957%29.pdf/page1-960px-The_Bombay_Guardian%2C_23_March_1867_%28IA_dli.granth.115957%29.pdf.jpg?utm_source=commons.wikimedia.org&utm_campaign=imageinfo&utm_content=thumbnail,"https://commons.wikimedia.org/wiki/File:The_Bombay_Guardian,_23_March_1867_(IA_dli.granth.115957).pdf",REVIEW — no strong match
46,The Walk,Mumbai,Tourist Attraction,3,"File:The Bombay Guardian, 28 January 1853 (IA dli.granth.116322).pdf",0.42,https://thumb.wikimedia.org/wikipedia/commons/thumb/7/72/The_Bombay_Guardian%2C_28_January_1853_%28IA_dli.granth.116322%29.pdf/page1-960px-The_Bombay_Guardian%2C_28_January_1853_%28IA_dli.granth.116322%29.pdf.jpg?utm_source=commons.wikimedia.org&utm_campaign=imageinfo&utm_content=thumbnail,"https://commons.wikimedia.org/wiki/File:The_Bombay_Guardian,_28_January_1853_(IA_dli.granth.116322).pdf",REVIEW — no strong match
46,The Walk,Mumbai,Tourist Attraction,4,"File:The Bombay Guardian, 30 May 1868 (IA dli.granth.116026).pdf",0.42,https://thumb.wikimedia.org/wikipedia/commons/thumb/e/e2/The_Bombay_Guardian%2C_30_May_1868_%28IA_dli.granth.116026%29.pdf/page1-960px-The_Bombay_Guardian%2C_30_May_1868_%28IA_dli.granth.116026%29.pdf.jpg?utm_source=commons.wikimedia.org&utm_campaign=imageinfo&utm_content=thumbnail,"https://commons.wikimedia.org/wiki/File:The_Bombay_Guardian,_30_May_1868_(IA_dli.granth.116026).pdf",REVIEW — no strong match
46,The Walk,Mumbai,Tourist Attraction,5,"File:The Bombay Guardian, 7 December 1867 (IA dli.granth.115997).pdf",0.42,https://thumb.wikimedia.org/wikipedia/commons/thumb/3/35/The_Bombay_Guardian%2C_7_December_1867_%28IA_dli.granth.115997%29.pdf/page1-960px-The_Bombay_Guardian%2C_7_December_1867_%28IA_dli.granth.115997%29.pdf.jpg?utm_source=commons.wikimedia.org&utm_campaign=imageinfo&utm_content=thumbnail,"https://commons.wikimedia.org/wiki/File:The_Bombay_Guardian,_7_December_1867_(IA_dli.granth.115997).pdf",REVIEW — no strong match
47,Archdiocesan Heritage Museum,Mumbai,Museum,,,,,,REVIEW — no strong match
48,Cache The Arts And Crafts Gallery,Mumbai,Gallery,,,,,,REVIEW — no strong match
49,Parsik Hills Quarry Viewpoint,Mumbai,Viewpoint,,,,,,REVIEW — no strong match
50,Belapur Waterfall,Mumbai,Viewpoint,,,,,,REVIEW — no strong match
51,Belapur Viewpoint,Mumbai,Viewpoint,,,,,,ERROR: 429 Client Error: Too Many Requests for url: https://commons.wikimedia.org/w/api.php?action=query&format=json&generator=search&gsrsearch=%22Belapur+Viewpoint%22+Mumbai+India&gsrnamespace=6&gsrlimit=5&prop=imageinfo&iiprop=url&iiurlwidth=900
52,Gandhi Tekdi,Mumbai,Viewpoint,,,,,,ERROR: 429 Client Error: Too Many Requests for url: https://commons.wikimedia.org/w/api.php?action=query&format=json&generator=search&gsrsearch=%22Gandhi+Tekdi%22+Mumbai+India&gsrnamespace=6&gsrlimit=5&prop=imageinfo&iiprop=url&iiurlwidth=900
53,The Art House,Mumbai,Gallery,,,,,,ERROR: 429 Client Error: Too Many Requests for url: https://commons.wikimedia.org/w/api.php?action=query&format=json&generator=search&gsrsearch=%22The+Art+House%22+Mumbai+India&gsrnamespace=6&gsrlimit=5&prop=imageinfo&iiprop=url&iiurlwidth=900
54,Parsik Hill Viewpoint,Mumbai,Viewpoint,,,,,,ERROR: 429 Client Error: Too Many Requests for url: https://commons.wikimedia.org/w/api.php?action=query&format=json&generator=search&gsrsearch=%22Parsik+Hill+Viewpoint%22+Mumbai+India&gsrnamespace=6&gsrlimit=5&prop=imageinfo&iiprop=url&iiurlwidth=900
55,Nature Education Centre,Mumbai,Museum,,,,,,ERROR: 429 Client Error: Too Many Requests for url: https://commons.wikimedia.org/w/api.php?action=query&format=json&generator=search&gsrsearch=%22Nature+Education+Centre%22+Mumbai+India&gsrnamespace=6&gsrlimit=5&prop=imageinfo&iiprop=url&iiurlwidth=900
56,Observation Deck,Mumbai,Viewpoint,,,,,,ERROR: 429 Client Error: Too Many Requests for url: https://commons.wikimedia.org/w/api.php?action=query&format=json&generator=search&gsrsearch=%22Observation+Deck%22+Mumbai+India&gsrnamespace=6&gsrlimit=5&prop=imageinfo&iiprop=url&iiurlwidth=900
57,Powai Vatika,Mumbai,Tourist Attraction,,,,,,ERROR: 429 Client Error: Too Many Requests for url: https://commons.wikimedia.org/w/api.php?action=query&format=json&generator=search&gsrsearch=%22Powai+Vatika%22+Mumbai+India&gsrnamespace=6&gsrlimit=5&prop=imageinfo&iiprop=url&iiurlwidth=900
58,Heaven's Peak Viewpoint Belapur,Mumbai,Viewpoint,,,,,,ERROR: 429 Client Error: Too Many Requests for url: https://commons.wikimedia.org/w/api.php?action=query&format=json&generator=search&gsrsearch=%22Heaven%27s+Peak+Viewpoint+Belapur%22+Mumbai+India&gsrnamespace=6&gsrlimit=5&prop=imageinfo&iiprop=url&iiurlwidth=900
59,Shangri-La,Mumbai,Viewpoint,,,,,,ERROR: 429 Client Error: Too Many Requests for url: https://commons.wikimedia.org/w/api.php?action=query&format=json&generator=search&gsrsearch=%22Shangri-La%22+Mumbai+India&gsrnamespace=6&gsrlimit=5&prop=imageinfo&iiprop=url&iiurlwidth=900
60,Mumbai Metro Photo Gallery,Mumbai,Gallery,,,,,,ERROR: 429 Client Error: Too Many Requests for url: https://commons.wikimedia.org/w/api.php?action=query&format=json&generator=search&gsrsearch=%22Mumbai+Metro+Photo+Gallery%22+Mumbai+India&gsrnamespace=6&gsrlimit=5&prop=imageinfo&iiprop=url&iiurlwidth=900
61,GSLV Rocket Model,Mumbai,Tourist Attraction,,,,,,ERROR: 429 Client Error: Too Many Requests for url: https://commons.wikimedia.org/w/api.php?action=query&format=json&generator=search&gsrsearch=%22GSLV+Rocket+Model%22+Mumbai+India&gsrnamespace=6&gsrlimit=5&prop=imageinfo&iiprop=url&iiurlwidth=900
62,Tulsi Lake View,Mumbai,Viewpoint,,,,,,ERROR: 429 Client Error: Too Many Requests for url: https://commons.wikimedia.org/w/api.php?action=query&format=json&generator=search&gsrsearch=%22Tulsi+Lake+View%22+Mumbai+India&gsrnamespace=6&gsrlimit=5&prop=imageinfo&iiprop=url&iiurlwidth=900
63,Jalsa (Amitabh Bacchan House),Mumbai,Tourist Attraction,,,,,,ERROR: 429 Client Error: Too Many Requests for url: https://commons.wikimedia.org/w/api.php?action=query&format=json&generator=search&gsrsearch=%22Jalsa+%28Amitabh+Bacchan+House%29%22+Mumbai+India&gsrnamespace=6&gsrlimit=5&prop=imageinfo&iiprop=url&iiurlwidth=900
64,Tulsi Lake Viewpoint,Mumbai,Viewpoint,,,,,,ERROR: 429 Client Error: Too Many Requests for url: https://commons.wikimedia.org/w/api.php?action=query&format=json&generator=search&gsrsearch=%22Tulsi+Lake+Viewpoint%22+Mumbai+India&gsrnamespace=6&gsrlimit=5&prop=imageinfo&iiprop=url&iiurlwidth=900
65,KidZania,Mumbai,Theme Park,,,,,,ERROR: 429 Client Error: Too Many Requests for url: https://commons.wikimedia.org/w/api.php?action=query&format=json&generator=search&gsrsearch=%22KidZania%22+Mumbai+India&gsrnamespace=6&gsrlimit=5&prop=imageinfo&iiprop=url&iiurlwidth=900
66,Fortune Heights,Mumbai,Theme Park,,,,,,ERROR: 429 Client Error: Too Many Requests for url: https://commons.wikimedia.org/w/api.php?action=query&format=json&generator=search&gsrsearch=%22Fortune+Heights%22+Mumbai+India&gsrnamespace=6&gsrlimit=5&prop=imageinfo&iiprop=url&iiurlwidth=900
67,Paradox Museum,Mumbai,Museum,,,,,,ERROR: 429 Client Error: Too Many Requests for url: https://commons.wikimedia.org/w/api.php?action=query&format=json&generator=search&gsrsearch=%22Paradox+Museum%22+Mumbai+India&gsrnamespace=6&gsrlimit=5&prop=imageinfo&iiprop=url&iiurlwidth=900
68,Echo Point,Mumbai,Viewpoint,,,,,,ERROR: 429 Client Error: Too Many Requests for url: https://commons.wikimedia.org/w/api.php?action=query&format=json&generator=search&gsrsearch=%22Echo+Point%22+Mumbai+India&gsrnamespace=6&gsrlimit=5&prop=imageinfo&iiprop=url&iiurlwidth=900
69,Larezna Art Gallery,Mumbai,Gallery,,,,,,ERROR: 429 Client Error: Too Many Requests for url: https://commons.wikimedia.org/w/api.php?action=query&format=json&generator=search&gsrsearch=%22Larezna+Art+Gallery%22+Mumbai+India&gsrnamespace=6&gsrlimit=5&prop=imageinfo&iiprop=url&iiurlwidth=900
70,Bhandup Bird Watching Point,Mumbai,Viewpoint,,,,,,ERROR: 429 Client Error: Too Many Requests for url: https://commons.wikimedia.org/w/api.php?action=query&format=json&generator=search&gsrsearch=%22Bhandup+Bird+Watching+Point%22+Mumbai+India&gsrnamespace=6&gsrlimit=5&prop=imageinfo&iiprop=url&iiurlwidth=900
71,Cannon Museum,Mumbai,Museum,,,,,,ERROR: 429 Client Error: Too Many Requests for url: https://commons.wikimedia.org/w/api.php?action=query&format=json&generator=search&gsrsearch=%22Cannon+Museum%22+Mumbai+India&gsrnamespace=6&gsrlimit=5&prop=imageinfo&iiprop=url&iiurlwidth=900
72,Moksh,Mumbai,Gallery,,,,,,ERROR: 429 Client Error: Too Many Requests for url: https://commons.wikimedia.org/w/api.php?action=query&format=json&generator=search&gsrsearch=%22Moksh%22+Mumbai+India&gsrnamespace=6&gsrlimit=5&prop=imageinfo&iiprop=url&iiurlwidth=900
73,47A,Mumbai,Gallery,,,,,,ERROR: 429 Client Error: Too Many Requests for url: https://commons.wikimedia.org/w/api.php?action=query&format=json&generator=search&gsrsearch=%2247A%22+Mumbai+India&gsrnamespace=6&gsrlimit=5&prop=imageinfo&iiprop=url&iiurlwidth=900
74,Museum of Solutions,Mumbai,Museum,,,,,,ERROR: 429 Client Error: Too Many Requests for url: https://commons.wikimedia.org/w/api.php?action=query&format=json&generator=search&gsrsearch=%22Museum+of+Solutions%22+Mumbai+India&gsrnamespace=6&gsrlimit=5&prop=imageinfo&iiprop=url&iiurlwidth=900
75,Banganga Tank,Mumbai,Tourist Attraction,,,,,,ERROR: 429 Client Error: Too Many Requests for url: https://commons.wikimedia.org/w/api.php?action=query&format=json&generator=search&gsrsearch=%22Banganga+Tank%22+Mumbai+India&gsrnamespace=6&gsrlimit=5&prop=imageinfo&iiprop=url&iiurlwidth=900
76,Girgaum Chowpatty Beach,Mumbai,Tourist Attraction,,,,,,ERROR: 429 Client Error: Too Many Requests for url: https://commons.wikimedia.org/w/api.php?action=query&format=json&generator=search&gsrsearch=%22Girgaum+Chowpatty+Beach%22+Mumbai+India&gsrnamespace=6&gsrlimit=5&prop=imageinfo&iiprop=url&iiurlwidth=900
77,Mani Bhavan,Mumbai,Museum,1,File:Barack and Michelle Obama at the Mani Bhavan Gandhi Museum in Mumbai.jpg,1.00,https://thumb.wikimedia.org/wikipedia/commons/thumb/8/81/Barack_and_Michelle_Obama_at_the_Mani_Bhavan_Gandhi_Museum_in_Mumbai.jpg/960px-Barack_and_Michelle_Obama_at_the_Mani_Bhavan_Gandhi_Museum_in_Mumbai.jpg?utm_source=commons.wikimedia.org&utm_campaign=imageinfo&utm_content=thumbnail,https://commons.wikimedia.org/wiki/File:Barack_and_Michelle_Obama_at_the_Mani_Bhavan_Gandhi_Museum_in_Mumbai.jpg,AUTO-UPDATED — verify photo
77,Mani Bhavan,Mumbai,Museum,2,File:Mani-Bhavan-Mumbai.jpg,1.00,https://thumb.wikimedia.org/wikipedia/commons/thumb/e/e4/Mani-Bhavan-Mumbai.jpg/960px-Mani-Bhavan-Mumbai.jpg?utm_source=commons.wikimedia.org&utm_campaign=imageinfo&utm_content=thumbnail,https://commons.wikimedia.org/wiki/File:Mani-Bhavan-Mumbai.jpg,AUTO-UPDATED — verify photo
77,Mani Bhavan,Mumbai,Museum,3,File:Mani Bhavan Grant Road Mumbai.jpg,1.00,https://thumb.wikimedia.org/wikipedia/commons/thumb/0/0c/Mani_Bhavan_Grant_Road_Mumbai.jpg/960px-Mani_Bhavan_Grant_Road_Mumbai.jpg?utm_source=commons.wikimedia.org&utm_campaign=imageinfo&utm_content=thumbnail,https://commons.wikimedia.org/wiki/File:Mani_Bhavan_Grant_Road_Mumbai.jpg,AUTO-UPDATED — verify photo
77,Mani Bhavan,Mumbai,Museum,4,"File:The US President, Mr. Barack Obama visiting the Gandhi Sangrahalaya, at Mani Bhavan, in Mumbai on November 06, 2010.jpg",1.00,https://thumb.wikimedia.org/wikipedia/commons/thumb/6/6c/The_US_President%2C_Mr._Barack_Obama_visiting_the_Gandhi_Sangrahalaya%2C_at_Mani_Bhavan%2C_in_Mumbai_on_November_06%2C_2010.jpg/960px-The_US_President%2C_Mr._Barack_Obama_visiting_the_Gandhi_Sangrahalaya%2C_at_Mani_Bhavan%2C_in_Mumbai_on_November_06%2C_2010.jpg?utm_source=commons.wikimedia.org&utm_campaign=imageinfo&utm_content=thumbnail,"https://commons.wikimedia.org/wiki/File:The_US_President,_Mr._Barack_Obama_visiting_the_Gandhi_Sangrahalaya,_at_Mani_Bhavan,_in_Mumbai_on_November_06,_2010.jpg",AUTO-UPDATED — verify photo
77,Mani Bhavan,Mumbai,Museum,5,"File:Laburnum Road, Mumbai (2006).jpg",0.00,https://upload.wikimedia.org/wikipedia/commons/e/ec/Laburnum_Road%2C_Mumbai_%282006%29.jpg?utm_source=commons.wikimedia.org&utm_campaign=imageinfo&utm_content=thumbnail_unscaled,"https://commons.wikimedia.org/wiki/File:Laburnum_Road,_Mumbai_(2006).jpg",AUTO-UPDATED — verify photo
78,Crawford Market,Mumbai,Tourist Attraction,1,File:Banana Delivery - Crawford Market - Mumbai (405399540).jpg,1.00,https://thumb.wikimedia.org/wikipedia/commons/thumb/7/7f/Banana_Delivery_-_Crawford_Market_-_Mumbai_%28405399540%29.jpg/960px-Banana_Delivery_-_Crawford_Market_-_Mumbai_%28405399540%29.jpg?utm_source=commons.wikimedia.org&utm_campaign=imageinfo&utm_content=thumbnail,https://commons.wikimedia.org/wiki/File:Banana_Delivery_-_Crawford_Market_-_Mumbai_(405399540).jpg,AUTO-UPDATED — verify photo
78,Crawford Market,Mumbai,Tourist Attraction,2,"File:Crowford Market, South Mumbai, Maharastra, India (2019).jpg",0.42,https://thumb.wikimedia.org/wikipedia/commons/thumb/1/1b/Crowford_Market%2C_South_Mumbai%2C_Maharastra%2C_India_%282019%29.jpg/960px-Crowford_Market%2C_South_Mumbai%2C_Maharastra%2C_India_%282019%29.jpg?utm_source=commons.wikimedia.org&utm_campaign=imageinfo&utm_content=thumbnail,"https://commons.wikimedia.org/wiki/File:Crowford_Market,_South_Mumbai,_Maharastra,_India_(2019).jpg",AUTO-UPDATED — verify photo
78,Crawford Market,Mumbai,Tourist Attraction,3,"File:Lohar Chawl, Kalbadevi, Mumbai, Maharashtra, India - panoramio.jpg",0.00,https://thumb.wikimedia.org/wikipedia/commons/thumb/4/45/Lohar_Chawl%2C_Kalbadevi%2C_Mumbai%2C_Maharashtra%2C_India_-_panoramio.jpg/960px-Lohar_Chawl%2C_Kalbadevi%2C_Mumbai%2C_Maharashtra%2C_India_-_panoramio.jpg?utm_source=commons.wikimedia.org&utm_campaign=imageinfo&utm_content=thumbnail,"https://commons.wikimedia.org/wiki/File:Lohar_Chawl,_Kalbadevi,_Mumbai,_Maharashtra,_India_-_panoramio.jpg",AUTO-UPDATED — verify photo
78,Crawford Market,Mumbai,Tourist Attraction,4,"File:Lohar Chawl, Kalbadevi, Mumbai, Maharashtra, India - panoramio (1).jpg",0.00,https://thumb.wikimedia.org/wikipedia/commons/thumb/b/b0/Lohar_Chawl%2C_Kalbadevi%2C_Mumbai%2C_Maharashtra%2C_India_-_panoramio_%281%29.jpg/960px-Lohar_Chawl%2C_Kalbadevi%2C_Mumbai%2C_Maharashtra%2C_India_-_panoramio_%281%29.jpg?utm_source=commons.wikimedia.org&utm_campaign=imageinfo&utm_content=thumbnail,"https://commons.wikimedia.org/wiki/File:Lohar_Chawl,_Kalbadevi,_Mumbai,_Maharashtra,_India_-_panoramio_(1).jpg",AUTO-UPDATED — verify photo
78,Crawford Market,Mumbai,Tourist Attraction,5,"File:Picket Road,Mumbai - panoramio (4).jpg",0.00,https://thumb.wikimedia.org/wikipedia/commons/thumb/d/d5/Picket_Road%2CMumbai_-_panoramio_%284%29.jpg/960px-Picket_Road%2CMumbai_-_panoramio_%284%29.jpg?utm_source=commons.wikimedia.org&utm_campaign=imageinfo&utm_content=thumbnail,"https://commons.wikimedia.org/wiki/File:Picket_Road,Mumbai_-_panoramio_(4).jpg",AUTO-UPDATED — verify photo
79,Essel World and Water Kingdom,Mumbai,Theme Park,,,,,,REVIEW — no strong match
80,Worli Fort,Mumbai,Tourist Attraction,1,File:'vaibhav Apts' locality seen from Worli Fort.JPG,1.00,https://thumb.wikimedia.org/wikipedia/commons/thumb/5/56/%27vaibhav_Apts%27_locality_seen_from_Worli_Fort.JPG/960px-%27vaibhav_Apts%27_locality_seen_from_Worli_Fort.JPG?utm_source=commons.wikimedia.org&utm_campaign=imageinfo&utm_content=thumbnail,https://commons.wikimedia.org/wiki/File:'vaibhav_Apts'_locality_seen_from_Worli_Fort.JPG,AUTO-UPDATED — verify photo
80,Worli Fort,Mumbai,Tourist Attraction,2,File:Fishermen's nets(worli fort)statue of 'Virgin Mary' . catholic-Hindu influence in living cultures.JPG,1.00,https://thumb.wikimedia.org/wikipedia/commons/thumb/4/4e/Fishermen%27s_nets%28worli_fort%29statue_of_%27Virgin_Mary%27_._catholic-Hindu_influence_in_living_cultures.JPG/960px-Fishermen%27s_nets%28worli_fort%29statue_of_%27Virgin_Mary%27_._catholic-Hindu_influence_in_living_cultures.JPG?utm_source=commons.wikimedia.org&utm_campaign=imageinfo&utm_content=thumbnail,https://commons.wikimedia.org/wiki/File:Fishermen's_nets(worli_fort)statue_of_'Virgin_Mary'_._catholic-Hindu_influence_in_living_cultures.JPG,AUTO-UPDATED — verify photo
80,Worli Fort,Mumbai,Tourist Attraction,3,File:Worli Fort Mumbai.jpg,1.00,https://thumb.wikimedia.org/wikipedia/commons/thumb/e/ea/Worli_Fort_Mumbai.jpg/960px-Worli_Fort_Mumbai.jpg?utm_source=commons.wikimedia.org&utm_campaign=imageinfo&utm_content=thumbnail,https://commons.wikimedia.org/wiki/File:Worli_Fort_Mumbai.jpg,AUTO-UPDATED — verify photo
80,Worli Fort,Mumbai,Tourist Attraction,4,File:Mumbai Bandra-Worli Sea Link.jpg,0.42,https://thumb.wikimedia.org/wikipedia/commons/thumb/2/2b/Mumbai_Bandra-Worli_Sea_Link.jpg/960px-Mumbai_Bandra-Worli_Sea_Link.jpg?utm_source=commons.wikimedia.org&utm_campaign=imageinfo&utm_content=thumbnail,https://commons.wikimedia.org/wiki/File:Mumbai_Bandra-Worli_Sea_Link.jpg,AUTO-UPDATED — verify photo
80,Worli Fort,Mumbai,Tourist Attraction,5,File:Bombay map 18c.jpg,0.00,https://upload.wikimedia.org/wikipedia/commons/1/14/Bombay_map_18c.jpg?utm_source=commons.wikimedia.org&utm_campaign=imageinfo&utm_content=thumbnail_unscaled,https://commons.wikimedia.org/wiki/File:Bombay_map_18c.jpg,AUTO-UPDATED — verify photo
81,Dr. Bhau Daji Lad Museum,Mumbai,Museum,1,"File:'Niebuhr's Map of Bombay', 1764 (detail, showing Breach Candy area), item F 260 in the Dr Bhau Daji Lad Museum, Mumbai.jpg",1.00,https://thumb.wikimedia.org/wikipedia/commons/thumb/a/af/%27Niebuhr%27s_Map_of_Bombay%27%2C_1764_%28detail%2C_showing_Breach_Candy_area%29%2C_item_F_260_in_the_Dr_Bhau_Daji_Lad_Museum%2C_Mumbai.jpg/960px-%27Niebuhr%27s_Map_of_Bombay%27%2C_1764_%28detail%2C_showing_Breach_Candy_area%29%2C_item_F_260_in_the_Dr_Bhau_Daji_Lad_Museum%2C_Mumbai.jpg?utm_source=commons.wikimedia.org&utm_campaign=imageinfo&utm_content=thumbnail,"https://commons.wikimedia.org/wiki/File:'Niebuhr's_Map_of_Bombay',_1764_(detail,_showing_Breach_Candy_area),_item_F_260_in_the_Dr_Bhau_Daji_Lad_Museum,_Mumbai.jpg",AUTO-UPDATED — verify photo
81,Dr. Bhau Daji Lad Museum,Mumbai,Museum,2,File:Bhau Daji Lad Museum 01.jpg,0.68,https://thumb.wikimedia.org/wikipedia/commons/thumb/7/79/Bhau_Daji_Lad_Museum_01.jpg/960px-Bhau_Daji_Lad_Museum_01.jpg?utm_source=commons.wikimedia.org&utm_campaign=imageinfo&utm_content=thumbnail,https://commons.wikimedia.org/wiki/File:Bhau_Daji_Lad_Museum_01.jpg,AUTO-UPDATED — verify photo
81,Dr. Bhau Daji Lad Museum,Mumbai,Museum,3,File:Bhau Daji Lad Museum 08.jpg,0.68,https://thumb.wikimedia.org/wikipedia/commons/thumb/e/e4/Bhau_Daji_Lad_Museum_08.jpg/960px-Bhau_Daji_Lad_Museum_08.jpg?utm_source=commons.wikimedia.org&utm_campaign=imageinfo&utm_content=thumbnail,https://commons.wikimedia.org/wiki/File:Bhau_Daji_Lad_Museum_08.jpg,AUTO-UPDATED — verify photo
81,Dr. Bhau Daji Lad Museum,Mumbai,Museum,4,"File:Dr. Bhaudaji Lad Museum, Mumbai.jpg",0.51,https://upload.wikimedia.org/wikipedia/commons/2/2e/Dr._Bhaudaji_Lad_Museum%2C_Mumbai.jpg?utm_source=commons.wikimedia.org&utm_campaign=imageinfo&utm_content=thumbnail_unscaled,"https://commons.wikimedia.org/wiki/File:Dr._Bhaudaji_Lad_Museum,_Mumbai.jpg",AUTO-UPDATED — verify photo
81,Dr. Bhau Daji Lad Museum,Mumbai,Museum,5,File:The Queen's Jubilee in India 1887.png,0.00,https://upload.wikimedia.org/wikipedia/commons/4/46/The_Queen%27s_Jubilee_in_India_1887.png?utm_source=commons.wikimedia.org&utm_campaign=imageinfo&utm_content=thumbnail_unscaled,https://commons.wikimedia.org/wiki/File:The_Queen's_Jubilee_in_India_1887.png,AUTO-UPDATED — verify photo
82,Flamingo Point,Mumbai,Tourist Attraction,1,"File:Sewri Flamingo Point , Bombay, India 01.JPG",1.00,https://thumb.wikimedia.org/wikipedia/commons/thumb/0/02/Sewri_Flamingo_Point_%2C_Bombay%2C_India_01.JPG/960px-Sewri_Flamingo_Point_%2C_Bombay%2C_India_01.JPG?utm_source=commons.wikimedia.org&utm_campaign=imageinfo&utm_content=thumbnail,"https://commons.wikimedia.org/wiki/File:Sewri_Flamingo_Point_,_Bombay,_India_01.JPG",AUTO-UPDATED — verify photo
82,Flamingo Point,Mumbai,Tourist Attraction,2,"File:Sewri Flamingo Point , Bombay, India 02.JPG",1.00,https://thumb.wikimedia.org/wikipedia/commons/thumb/1/1e/Sewri_Flamingo_Point_%2C_Bombay%2C_India_02.JPG/960px-Sewri_Flamingo_Point_%2C_Bombay%2C_India_02.JPG?utm_source=commons.wikimedia.org&utm_campaign=imageinfo&utm_content=thumbnail,"https://commons.wikimedia.org/wiki/File:Sewri_Flamingo_Point_,_Bombay,_India_02.JPG",AUTO-UPDATED — verify photo
82,Flamingo Point,Mumbai,Tourist Attraction,3,"File:Sewri Flamingo Point , Bombay, India 03.JPG",1.00,https://thumb.wikimedia.org/wikipedia/commons/thumb/f/fa/Sewri_Flamingo_Point_%2C_Bombay%2C_India_03.JPG/960px-Sewri_Flamingo_Point_%2C_Bombay%2C_India_03.JPG?utm_source=commons.wikimedia.org&utm_campaign=imageinfo&utm_content=thumbnail,"https://commons.wikimedia.org/wiki/File:Sewri_Flamingo_Point_,_Bombay,_India_03.JPG",AUTO-UPDATED — verify photo
82,Flamingo Point,Mumbai,Tourist Attraction,4,"File:Sewri Flamingo Point , Bombay, India 04.JPG",1.00,https://thumb.wikimedia.org/wikipedia/commons/thumb/0/0d/Sewri_Flamingo_Point_%2C_Bombay%2C_India_04.JPG/960px-Sewri_Flamingo_Point_%2C_Bombay%2C_India_04.JPG?utm_source=commons.wikimedia.org&utm_campaign=imageinfo&utm_content=thumbnail,"https://commons.wikimedia.org/wiki/File:Sewri_Flamingo_Point_,_Bombay,_India_04.JPG",AUTO-UPDATED — verify photo
83,Gilbert Hill,Mumbai,Tourist Attraction,1,"File:Gilbert Hill, Andheri.jpg",1.00,https://thumb.wikimedia.org/wikipedia/commons/thumb/c/ca/Gilbert_Hill%2C_Andheri.jpg/960px-Gilbert_Hill%2C_Andheri.jpg?utm_source=commons.wikimedia.org&utm_campaign=imageinfo&utm_content=thumbnail,"https://commons.wikimedia.org/wiki/File:Gilbert_Hill,_Andheri.jpg",AUTO-UPDATED — verify photo
83,Gilbert Hill,Mumbai,Tourist Attraction,2,File:Gilbert Hill.jpg,1.00,https://upload.wikimedia.org/wikipedia/commons/3/3e/Gilbert_Hill.jpg?utm_source=commons.wikimedia.org&utm_campaign=imageinfo&utm_content=thumbnail_unscaled,https://commons.wikimedia.org/wiki/File:Gilbert_Hill.jpg,AUTO-UPDATED — verify photo
83,Gilbert Hill,Mumbai,Tourist Attraction,3,File:Gilbert Hill closeup.jpg,1.00,https://thumb.wikimedia.org/wikipedia/commons/thumb/f/fe/Gilbert_Hill_closeup.jpg/960px-Gilbert_Hill_closeup.jpg?utm_source=commons.wikimedia.org&utm_campaign=imageinfo&utm_content=thumbnail,https://commons.wikimedia.org/wiki/File:Gilbert_Hill_closeup.jpg,AUTO-UPDATED — verify photo
83,Gilbert Hill,Mumbai,Tourist Attraction,4,File:Gilbert Hill long.jpg,1.00,https://thumb.wikimedia.org/wikipedia/commons/thumb/0/0e/Gilbert_Hill_long.jpg/960px-Gilbert_Hill_long.jpg?utm_source=commons.wikimedia.org&utm_campaign=imageinfo&utm_content=thumbnail,https://commons.wikimedia.org/wiki/File:Gilbert_Hill_long.jpg,AUTO-UPDATED — verify photo
84,Mangaldas Market,Mumbai,Tourist Attraction,,,,,,CLEARED SUSPICIOUS URL — review candidates
85,Chhatrapati Shivaji Maharaj Terminus,Mumbai,Tourist Attraction,1,"File:Mumbai, India, Chhatrapati Shivaji Maharaj Terminus (Victoria Terminus), Railway station.jpg",1.00,https://thumb.wikimedia.org/wikipedia/commons/thumb/1/1f/Mumbai%2C_India%2C_Chhatrapati_Shivaji_Maharaj_Terminus_%28Victoria_Terminus%29%2C_Railway_station.jpg/960px-Mumbai%2C_India%2C_Chhatrapati_Shivaji_Maharaj_Terminus_%28Victoria_Terminus%29%2C_Railway_station.jpg?utm_source=commons.wikimedia.org&utm_campaign=imageinfo&utm_content=thumbnail,"https://commons.wikimedia.org/wiki/File:Mumbai,_India,_Chhatrapati_Shivaji_Maharaj_Terminus_(Victoria_Terminus),_Railway_station.jpg",AUTO-UPDATED — verify photo
85,Chhatrapati Shivaji Maharaj Terminus,Mumbai,Tourist Attraction,2,File:Mumbai - Chhatrapati Shivaji Terminus Tracks.jpg,0.64,https://thumb.wikimedia.org/wikipedia/commons/thumb/e/e8/Mumbai_-_Chhatrapati_Shivaji_Terminus_Tracks.jpg/960px-Mumbai_-_Chhatrapati_Shivaji_Terminus_Tracks.jpg?utm_source=commons.wikimedia.org&utm_campaign=imageinfo&utm_content=thumbnail,https://commons.wikimedia.org/wiki/File:Mumbai_-_Chhatrapati_Shivaji_Terminus_Tracks.jpg,AUTO-UPDATED — verify photo
85,Chhatrapati Shivaji Maharaj Terminus,Mumbai,Tourist Attraction,3,File:Mumbai 03-2016 67 Victoria Terminus.jpg,0.21,https://thumb.wikimedia.org/wikipedia/commons/thumb/5/5d/Mumbai_03-2016_67_Victoria_Terminus.jpg/960px-Mumbai_03-2016_67_Victoria_Terminus.jpg?utm_source=commons.wikimedia.org&utm_campaign=imageinfo&utm_content=thumbnail,https://commons.wikimedia.org/wiki/File:Mumbai_03-2016_67_Victoria_Terminus.jpg,AUTO-UPDATED — verify photo
85,Chhatrapati Shivaji Maharaj Terminus,Mumbai,Tourist Attraction,4,File:Former Coat of Arms of the city of Bombay (Now Mumbai).jpg,0.00,https://thumb.wikimedia.org/wikipedia/commons/thumb/a/a0/Former_Coat_of_Arms_of_the_city_of_Bombay_%28Now_Mumbai%29.jpg/960px-Former_Coat_of_Arms_of_the_city_of_Bombay_%28Now_Mumbai%29.jpg?utm_source=commons.wikimedia.org&utm_campaign=imageinfo&utm_content=thumbnail,https://commons.wikimedia.org/wiki/File:Former_Coat_of_Arms_of_the_city_of_Bombay_(Now_Mumbai).jpg,AUTO-UPDATED — verify photo
85,Chhatrapati Shivaji Maharaj Terminus,Mumbai,Tourist Attraction,5,"File:Mumbai, India (21007866768).jpg",0.00,https://thumb.wikimedia.org/wikipedia/commons/thumb/1/10/Mumbai%2C_India_%2821007866768%29.jpg/960px-Mumbai%2C_India_%2821007866768%29.jpg?utm_source=commons.wikimedia.org&utm_campaign=imageinfo&utm_content=thumbnail,"https://commons.wikimedia.org/wiki/File:Mumbai,_India_(21007866768).jpg",AUTO-UPDATED — verify photo
86,Veermata Jijabai Bhosale Zoo & Botanical Garden,Mumbai,Zoo,,,,,,REVIEW — no strong match
87,Tikujiniwadi Water Park,Mumbai,Theme Park,,,,,,ERROR: 429 Client Error: Too Many Requests for url: https://commons.wikimedia.org/w/api.php?action=query&format=json&generator=search&gsrsearch=%22Tikujiniwadi+Water+Park%22+Mumbai+India&gsrnamespace=6&gsrlimit=5&prop=imageinfo&iiprop=url&iiurlwidth=900
88,Madh Chowpatty,Mumbai,Tourist Attraction,,,,,,ERROR: 429 Client Error: Too Many Requests for url: https://commons.wikimedia.org/w/api.php?action=query&format=json&generator=search&gsrsearch=%22Madh+Chowpatty%22+Mumbai+India&gsrnamespace=6&gsrlimit=5&prop=imageinfo&iiprop=url&iiurlwidth=900
89,Chhatrapati Shivaji Maharaj Vastu Sangrahalaya,Mumbai,Museum,,,,,,ERROR: 429 Client Error: Too Many Requests for url: https://commons.wikimedia.org/w/api.php?action=query&format=json&generator=search&gsrsearch=%22Chhatrapati+Shivaji+Maharaj+Vastu+Sangrahalaya%22+Mumbai+India&gsrnamespace=6&gsrlimit=5&prop=imageinfo&iiprop=url&iiurlwidth=900
90,Jehangir Art Gallery,Mumbai,Gallery,,,,,,ERROR: 429 Client Error: Too Many Requests for url: https://commons.wikimedia.org/w/api.php?action=query&format=json&generator=search&gsrsearch=%22Jehangir+Art+Gallery%22+Mumbai+India&gsrnamespace=6&gsrlimit=5&prop=imageinfo&iiprop=url&iiurlwidth=900
91,The Bombay Art Society,Mumbai,Gallery,,,,,,ERROR: 429 Client Error: Too Many Requests for url: https://commons.wikimedia.org/w/api.php?action=query&format=json&generator=search&gsrsearch=%22The+Bombay+Art+Society%22+Mumbai+India&gsrnamespace=6&gsrlimit=5&prop=imageinfo&iiprop=url&iiurlwidth=900
92,Kanheri Cave Complex,Mumbai,Tourist Attraction,,,,,,ERROR: 429 Client Error: Too Many Requests for url: https://commons.wikimedia.org/w/api.php?action=query&format=json&generator=search&gsrsearch=%22Kanheri+Cave+Complex%22+Mumbai+India&gsrnamespace=6&gsrlimit=5&prop=imageinfo&iiprop=url&iiurlwidth=900
93,सायन किल्ला,Mumbai,Tourist Attraction,,,,,,ERROR: 429 Client Error: Too Many Requests for url: https://commons.wikimedia.org/w/api.php?action=query&format=json&generator=search&gsrsearch=%22%E0%A4%B8%E0%A4%BE%E0%A4%AF%E0%A4%A8+%E0%A4%95%E0%A4%BF%E0%A4%B2%E0%A5%8D%E0%A4%B2%E0%A4%BE%22+Mumbai+India&gsrnamespace=6&gsrlimit=5&prop=imageinfo&iiprop=url&iiurlwidth=900
94,Sewri Fort,Mumbai,Tourist Attraction,,,,,,ERROR: 429 Client Error: Too Many Requests for url: https://commons.wikimedia.org/w/api.php?action=query&format=json&generator=search&gsrsearch=%22Sewri+Fort%22+Mumbai+India&gsrnamespace=6&gsrlimit=5&prop=imageinfo&iiprop=url&iiurlwidth=900
95,Vedic Park,Mumbai,Tourist Attraction,,,,,,ERROR: 429 Client Error: Too Many Requests for url: https://commons.wikimedia.org/w/api.php?action=query&format=json&generator=search&gsrsearch=%22Vedic+Park%22+Mumbai+India&gsrnamespace=6&gsrlimit=5&prop=imageinfo&iiprop=url&iiurlwidth=900
96,Film City Temple,Mumbai,Tourist Attraction,,,,,,ERROR: 429 Client Error: Too Many Requests for url: https://commons.wikimedia.org/w/api.php?action=query&format=json&generator=search&gsrsearch=%22Film+City+Temple%22+Mumbai+India&gsrnamespace=6&gsrlimit=5&prop=imageinfo&iiprop=url&iiurlwidth=900
97,Abu Village,Mumbai,Tourist Attraction,,,,,,ERROR: 429 Client Error: Too Many Requests for url: https://commons.wikimedia.org/w/api.php?action=query&format=json&generator=search&gsrsearch=%22Abu+Village%22+Mumbai+India&gsrnamespace=6&gsrlimit=5&prop=imageinfo&iiprop=url&iiurlwidth=900
98,Nehru Science Centre,Mumbai,Museum,,,,,,ERROR: 429 Client Error: Too Many Requests for url: https://commons.wikimedia.org/w/api.php?action=query&format=json&generator=search&gsrsearch=%22Nehru+Science+Centre%22+Mumbai+India&gsrnamespace=6&gsrlimit=5&prop=imageinfo&iiprop=url&iiurlwidth=900
99,Shivaji Maharaj And Ramdas Statue,Mumbai,Tourist Attraction,,,,,,ERROR: 429 Client Error: Too Many Requests for url: https://commons.wikimedia.org/w/api.php?action=query&format=json&generator=search&gsrsearch=%22Shivaji+Maharaj+And+Ramdas+Statue%22+Mumbai+India&gsrnamespace=6&gsrlimit=5&prop=imageinfo&iiprop=url&iiurlwidth=900
100,Dolphin Aquarium,Mumbai,Aquarium,,,,,,ERROR: 429 Client Error: Too Many Requests for url: https://commons.wikimedia.org/w/api.php?action=query&format=json&generator=search&gsrsearch=%22Dolphin+Aquarium%22+Mumbai+India&gsrnamespace=6&gsrlimit=5&prop=imageinfo&iiprop=url&iiurlwidth=900
101,Tiger & Lion Safari,Mumbai,Zoo,,,,,,ERROR: 429 Client Error: Too Many Requests for url: https://commons.wikimedia.org/w/api.php?action=query&format=json&generator=search&gsrsearch=%22Tiger+%26+Lion+Safari%22+Mumbai+India&gsrnamespace=6&gsrlimit=5&prop=imageinfo&iiprop=url&iiurlwidth=900
102,Butterfly Park,Mumbai,Zoo,,,,,,ERROR: 429 Client Error: Too Many Requests for url: https://commons.wikimedia.org/w/api.php?action=query&format=json&generator=search&gsrsearch=%22Butterfly+Park%22+Mumbai+India&gsrnamespace=6&gsrlimit=5&prop=imageinfo&iiprop=url&iiurlwidth=900
103,वीर सावरकर स्मारक,Mumbai,Museum,,,,,,ERROR: 429 Client Error: Too Many Requests for url: https://commons.wikimedia.org/w/api.php?action=query&format=json&generator=search&gsrsearch=%22%E0%A4%B5%E0%A5%80%E0%A4%B0+%E0%A4%B8%E0%A4%BE%E0%A4%B5%E0%A4%B0%E0%A4%95%E0%A4%B0+%E0%A4%B8%E0%A5%8D%E0%A4%AE%E0%A4%BE%E0%A4%B0%E0%A4%95%22+Mumbai+India&gsrnamespace=6&gsrlimit=5&prop=imageinfo&iiprop=url&iiurlwidth=900
104,CSMVS Children’s Museum,Mumbai,Museum,,,,,,ERROR: 429 Client Error: Too Many Requests for url: https://commons.wikimedia.org/w/api.php?action=query&format=json&generator=search&gsrsearch=%22CSMVS+Children%E2%80%99s+Museum%22+Mumbai+India&gsrnamespace=6&gsrlimit=5&prop=imageinfo&iiprop=url&iiurlwidth=900
105,Dadasaheb Phalke Chitranagari,Mumbai,Tourist Attraction,,,,,,ERROR: 429 Client Error: Too Many Requests for url: https://commons.wikimedia.org/w/api.php?action=query&format=json&generator=search&gsrsearch=%22Dadasaheb+Phalke+Chitranagari%22+Mumbai+India&gsrnamespace=6&gsrlimit=5&prop=imageinfo&iiprop=url&iiurlwidth=900
